Learning_rate,N_estimators,Min_samples_split,Min_samples_leaf,Max_depth,MMRE-
0.001,10,2,1,5,35.411719999999995
0.001,10,2,1,10,35.40758
0.001,10,2,1,20,35.40744
0.001,10,2,1,30,35.40742
0.001,10,2,1,100,35.40742
0.001,10,2,5,5,35.41178
0.001,10,2,5,10,35.40624
0.001,10,2,5,20,35.40624
0.001,10,2,5,30,35.40624
0.001,10,2,5,100,35.40624
0.001,10,2,10,5,35.412
0.001,10,2,10,10,35.40728
0.001,10,2,10,20,35.40728
0.001,10,2,10,30,35.40728
0.001,10,2,10,100,35.40728
0.001,10,2,20,5,35.4129
0.001,10,2,20,10,35.41092
0.001,10,2,20,20,35.41092
0.001,10,2,20,30,35.41092
0.001,10,2,20,100,35.41092
0.001,10,6,1,5,35.41166
0.001,10,6,1,10,35.4065
0.001,10,6,1,20,35.406259999999996
0.001,10,6,1,30,35.406259999999996
0.001,10,6,1,100,35.406259999999996
0.001,10,6,5,5,35.41178
0.001,10,6,5,10,35.40624
0.001,10,6,5,20,35.40624
0.001,10,6,5,30,35.40624
0.001,10,6,5,100,35.40624
0.001,10,6,10,5,35.412
0.001,10,6,10,10,35.40728
0.001,10,6,10,20,35.40728
0.001,10,6,10,30,35.40728
0.001,10,6,10,100,35.40728
0.001,10,6,20,5,35.4129
0.001,10,6,20,10,35.41092
0.001,10,6,20,20,35.41092
0.001,10,6,20,30,35.41092
0.001,10,6,20,100,35.41092
0.001,10,10,1,5,35.411699999999996
0.001,10,10,1,10,35.4064
0.001,10,10,1,20,35.40636
0.001,10,10,1,30,35.40636
0.001,10,10,1,100,35.40636
0.001,10,10,5,5,35.41178
0.001,10,10,5,10,35.40624
0.001,10,10,5,20,35.40624
0.001,10,10,5,30,35.40624
0.001,10,10,5,100,35.40624
0.001,10,10,10,5,35.412
0.001,10,10,10,10,35.40728
0.001,10,10,10,20,35.40728
0.001,10,10,10,30,35.40728
0.001,10,10,10,100,35.40728
0.001,10,10,20,5,35.4129
0.001,10,10,20,10,35.41092
0.001,10,10,20,20,35.41092
0.001,10,10,20,30,35.41092
0.001,10,10,20,100,35.41092
0.001,10,20,1,5,35.41176
0.001,10,20,1,10,35.4064
0.001,10,20,1,20,35.4064
0.001,10,20,1,30,35.4064
0.001,10,20,1,100,35.4064
0.001,10,20,5,5,35.41184
0.001,10,20,5,10,35.40656
0.001,10,20,5,20,35.40656
0.001,10,20,5,30,35.40656
0.001,10,20,5,100,35.40656
0.001,10,20,10,5,35.412
0.001,10,20,10,10,35.40728
0.001,10,20,10,20,35.40728
0.001,10,20,10,30,35.40728
0.001,10,20,10,100,35.40728
0.001,10,20,20,5,35.4129
0.001,10,20,20,10,35.41092
0.001,10,20,20,20,35.41092
0.001,10,20,20,30,35.41092
0.001,10,20,20,100,35.41092
0.001,10,40,1,5,35.41278
0.001,10,40,1,10,35.410759999999996
0.001,10,40,1,20,35.410759999999996
0.001,10,40,1,30,35.410759999999996
0.001,10,40,1,100,35.410759999999996
0.001,10,40,5,5,35.41278
0.001,10,40,5,10,35.410759999999996
0.001,10,40,5,20,35.410759999999996
0.001,10,40,5,30,35.410759999999996
0.001,10,40,5,100,35.410759999999996
0.001,10,40,10,5,35.41286
0.001,10,40,10,10,35.41083999999999
0.001,10,40,10,20,35.41083999999999
0.001,10,40,10,30,35.41083999999999
0.001,10,40,10,100,35.41083999999999
0.001,10,40,20,5,35.4129
0.001,10,40,20,10,35.41092
0.001,10,40,20,20,35.41092
0.001,10,40,20,30,35.41092
0.001,10,40,20,100,35.41092
0.001,30,2,1,5,34.72992
0.001,30,2,1,10,34.71964
0.001,30,2,1,20,34.71918
0.001,30,2,1,30,34.719179999999994
0.001,30,2,1,100,34.719139999999996
0.001,30,2,5,5,34.73018
0.001,30,2,5,10,34.71336
0.001,30,2,5,20,34.71336
0.001,30,2,5,30,34.71336
0.001,30,2,5,100,34.71336
0.001,30,2,10,5,34.7308
0.001,30,2,10,10,34.71642
0.001,30,2,10,20,34.71642
0.001,30,2,10,30,34.71642
0.001,30,2,10,100,34.71642
0.001,30,2,20,5,34.73342
0.001,30,2,20,10,34.72762
0.001,30,2,20,20,34.72762
0.001,30,2,20,30,34.72762
0.001,30,2,20,100,34.72762
0.001,30,6,1,5,34.72986
0.001,30,6,1,10,34.7144
0.001,30,6,1,20,34.7137
0.001,30,6,1,30,34.7137
0.001,30,6,1,100,34.7137
0.001,30,6,5,5,34.73018
0.001,30,6,5,10,34.71336
0.001,30,6,5,20,34.71336
0.001,30,6,5,30,34.71336
0.001,30,6,5,100,34.71336
0.001,30,6,10,5,34.7308
0.001,30,6,10,10,34.71642
0.001,30,6,10,20,34.71642
0.001,30,6,10,30,34.71642
0.001,30,6,10,100,34.71642
0.001,30,6,20,5,34.73342
0.001,30,6,20,10,34.72762
0.001,30,6,20,20,34.72762
0.001,30,6,20,30,34.72762
0.001,30,6,20,100,34.72762
0.001,30,10,1,5,34.72988
0.001,30,10,1,10,34.71408
0.001,30,10,1,20,34.71404
0.001,30,10,1,30,34.71404
0.001,30,10,1,100,34.71404
0.001,30,10,5,5,34.73018
0.001,30,10,5,10,34.71336
0.001,30,10,5,20,34.71336
0.001,30,10,5,30,34.71336
0.001,30,10,5,100,34.71336
0.001,30,10,10,5,34.7308
0.001,30,10,10,10,34.71642
0.001,30,10,10,20,34.71642
0.001,30,10,10,30,34.71642
0.001,30,10,10,100,34.71642
0.001,30,10,20,5,34.73342
0.001,30,10,20,10,34.72762
0.001,30,10,20,20,34.72762
0.001,30,10,20,30,34.72762
0.001,30,10,20,100,34.72762
0.001,30,20,1,5,34.73002
0.001,30,20,1,10,34.713899999999995
0.001,30,20,1,20,34.713899999999995
0.001,30,20,1,30,34.713899999999995
0.001,30,20,1,100,34.713899999999995
0.001,30,20,5,5,34.7303
0.001,30,20,5,10,34.714279999999995
0.001,30,20,5,20,34.714279999999995
0.001,30,20,5,30,34.714279999999995
0.001,30,20,5,100,34.714279999999995
0.001,30,20,10,5,34.7308
0.001,30,20,10,10,34.71642
0.001,30,20,10,20,34.71642
0.001,30,20,10,30,34.71642
0.001,30,20,10,100,34.71642
0.001,30,20,20,5,34.73342
0.001,30,20,20,10,34.72762
0.001,30,20,20,20,34.72762
0.001,30,20,20,30,34.72762
0.001,30,20,20,100,34.72762
0.001,30,40,1,5,34.73312
0.001,30,40,1,10,34.72716
0.001,30,40,1,20,34.72716
0.001,30,40,1,30,34.72716
0.001,30,40,1,100,34.72716
0.001,30,40,5,5,34.73312
0.001,30,40,5,10,34.72716
0.001,30,40,5,20,34.72716
0.001,30,40,5,30,34.72716
0.001,30,40,5,100,34.72716
0.001,30,40,10,5,34.73336
0.001,30,40,10,10,34.7274
0.001,30,40,10,20,34.7274
0.001,30,40,10,30,34.7274
0.001,30,40,10,100,34.7274
0.001,30,40,20,5,34.73342
0.001,30,40,20,10,34.72762
0.001,30,40,20,20,34.72762
0.001,30,40,20,30,34.72762
0.001,30,40,20,100,34.72762
0.001,50,2,1,5,34.062599999999996
0.001,50,2,1,10,34.04532
0.001,50,2,1,20,34.044560000000004
0.001,50,2,1,30,34.04448
0.001,50,2,1,100,34.0445
0.001,50,2,5,5,34.063
0.001,50,2,5,10,34.03452
0.001,50,2,5,20,34.03452
0.001,50,2,5,30,34.03452
0.001,50,2,5,100,34.03452
0.001,50,2,10,5,34.06406
0.001,50,2,10,10,34.03936
0.001,50,2,10,20,34.03936
0.001,50,2,10,30,34.03936
0.001,50,2,10,100,34.03936
0.001,50,2,20,5,34.068239999999996
0.001,50,2,20,10,34.058800000000005
0.001,50,2,20,20,34.058800000000005
0.001,50,2,20,30,34.058800000000005
0.001,50,2,20,100,34.058800000000005
0.001,50,6,1,5,34.06246
0.001,50,6,1,10,34.036699999999996
0.001,50,6,1,20,34.03547999999999
0.001,50,6,1,30,34.03547999999999
0.001,50,6,1,100,34.03547999999999
0.001,50,6,5,5,34.063
0.001,50,6,5,10,34.03452
0.001,50,6,5,20,34.03452
0.001,50,6,5,30,34.03452
0.001,50,6,5,100,34.03452
0.001,50,6,10,5,34.06406
0.001,50,6,10,10,34.03936
0.001,50,6,10,20,34.03936
0.001,50,6,10,30,34.03936
0.001,50,6,10,100,34.03936
0.001,50,6,20,5,34.068239999999996
0.001,50,6,20,10,34.058800000000005
0.001,50,6,20,20,34.058800000000005
0.001,50,6,20,30,34.058800000000005
0.001,50,6,20,100,34.058800000000005
0.001,50,10,1,5,34.06252
0.001,50,10,1,10,34.0358
0.001,50,10,1,20,34.035700000000006
0.001,50,10,1,30,34.035700000000006
0.001,50,10,1,100,34.035700000000006
0.001,50,10,5,5,34.063
0.001,50,10,5,10,34.03452
0.001,50,10,5,20,34.03452
0.001,50,10,5,30,34.03452
0.001,50,10,5,100,34.03452
0.001,50,10,10,5,34.06406
0.001,50,10,10,10,34.03936
0.001,50,10,10,20,34.03936
0.001,50,10,10,30,34.03936
0.001,50,10,10,100,34.03936
0.001,50,10,20,5,34.068239999999996
0.001,50,10,20,10,34.058800000000005
0.001,50,10,20,20,34.058800000000005
0.001,50,10,20,30,34.058800000000005
0.001,50,10,20,100,34.058800000000005
0.001,50,20,1,5,34.06276
0.001,50,20,1,10,34.0352
0.001,50,20,1,20,34.0352
0.001,50,20,1,30,34.0352
0.001,50,20,1,100,34.0352
0.001,50,20,5,5,34.06323999999999
0.001,50,20,5,10,34.035880000000006
0.001,50,20,5,20,34.035880000000006
0.001,50,20,5,30,34.035880000000006
0.001,50,20,5,100,34.035880000000006
0.001,50,20,10,5,34.06406
0.001,50,20,10,10,34.03936
0.001,50,20,10,20,34.03936
0.001,50,20,10,30,34.03936
0.001,50,20,10,100,34.03936
0.001,50,20,20,5,34.068239999999996
0.001,50,20,20,10,34.058800000000005
0.001,50,20,20,20,34.058800000000005
0.001,50,20,20,30,34.058800000000005
0.001,50,20,20,100,34.058800000000005
0.001,50,40,1,5,34.0678
0.001,50,40,1,10,34.057919999999996
0.001,50,40,1,20,34.057919999999996
0.001,50,40,1,30,34.057919999999996
0.001,50,40,1,100,34.057919999999996
0.001,50,40,5,5,34.0678
0.001,50,40,5,10,34.057919999999996
0.001,50,40,5,20,34.057919999999996
0.001,50,40,5,30,34.057919999999996
0.001,50,40,5,100,34.057919999999996
0.001,50,40,10,5,34.06822
0.001,50,40,10,10,34.058319999999995
0.001,50,40,10,20,34.058319999999995
0.001,50,40,10,30,34.058319999999995
0.001,50,40,10,100,34.058319999999995
0.001,50,40,20,5,34.068239999999996
0.001,50,40,20,10,34.058800000000005
0.001,50,40,20,20,34.058800000000005
0.001,50,40,20,30,34.058800000000005
0.001,50,40,20,100,34.058800000000005
0.001,100,2,1,5,32.45498
0.001,100,2,1,10,32.418
0.001,100,2,1,20,32.41706
0.001,100,2,1,30,32.41714
0.001,100,2,1,100,32.41724
0.001,100,2,5,5,32.45572000000001
0.001,100,2,5,10,32.39672
0.001,100,2,5,20,32.39672
0.001,100,2,5,30,32.39672
0.001,100,2,5,100,32.39672
0.001,100,2,10,5,32.45804
0.001,100,2,10,10,32.40592
0.001,100,2,10,20,32.40592
0.001,100,2,10,30,32.40592
0.001,100,2,10,100,32.40592
0.001,100,2,20,5,32.46546
0.001,100,2,20,10,32.44568
0.001,100,2,20,20,32.44568
0.001,100,2,20,30,32.44568
0.001,100,2,20,100,32.44568
0.001,100,6,1,5,32.454699999999995
0.001,100,6,1,10,32.40136
0.001,100,6,1,20,32.399
0.001,100,6,1,30,32.399
0.001,100,6,1,100,32.399
0.001,100,6,5,5,32.45572000000001
0.001,100,6,5,10,32.39672
0.001,100,6,5,20,32.39672
0.001,100,6,5,30,32.39672
0.001,100,6,5,100,32.39672
0.001,100,6,10,5,32.45804
0.001,100,6,10,10,32.40592
0.001,100,6,10,20,32.40592
0.001,100,6,10,30,32.40592
0.001,100,6,10,100,32.40592
0.001,100,6,20,5,32.46546
0.001,100,6,20,10,32.44568
0.001,100,6,20,20,32.44568
0.001,100,6,20,30,32.44568
0.001,100,6,20,100,32.44568
0.001,100,10,1,5,32.454840000000004
0.001,100,10,1,10,32.39902000000001
0.001,100,10,1,20,32.398900000000005
0.001,100,10,1,30,32.398900000000005
0.001,100,10,1,100,32.398900000000005
0.001,100,10,5,5,32.45572000000001
0.001,100,10,5,10,32.39672
0.001,100,10,5,20,32.39672
0.001,100,10,5,30,32.39672
0.001,100,10,5,100,32.39672
0.001,100,10,10,5,32.45804
0.001,100,10,10,10,32.40592
0.001,100,10,10,20,32.40592
0.001,100,10,10,30,32.40592
0.001,100,10,10,100,32.40592
0.001,100,10,20,5,32.46546
0.001,100,10,20,10,32.44568
0.001,100,10,20,20,32.44568
0.001,100,10,20,30,32.44568
0.001,100,10,20,100,32.44568
0.001,100,20,1,5,32.45532
0.001,100,20,1,10,32.39748
0.001,100,20,1,20,32.39748
0.001,100,20,1,30,32.39748
0.001,100,20,1,100,32.39748
0.001,100,20,5,5,32.45622
0.001,100,20,5,10,32.39872
0.001,100,20,5,20,32.39872
0.001,100,20,5,30,32.39872
0.001,100,20,5,100,32.39872
0.001,100,20,10,5,32.45804
0.001,100,20,10,10,32.40592
0.001,100,20,10,20,32.40592
0.001,100,20,10,30,32.40592
0.001,100,20,10,100,32.40592
0.001,100,20,20,5,32.46546
0.001,100,20,20,10,32.44568
0.001,100,20,20,20,32.44568
0.001,100,20,20,30,32.44568
0.001,100,20,20,100,32.44568
0.001,100,40,1,5,32.46468
0.001,100,40,1,10,32.444300000000005
0.001,100,40,1,20,32.444300000000005
0.001,100,40,1,30,32.444300000000005
0.001,100,40,1,100,32.444300000000005
0.001,100,40,5,5,32.46468
0.001,100,40,5,10,32.444300000000005
0.001,100,40,5,20,32.444300000000005
0.001,100,40,5,30,32.444300000000005
0.001,100,40,5,100,32.444300000000005
0.001,100,40,10,5,32.465500000000006
0.001,100,40,10,10,32.44512
0.001,100,40,10,20,32.44512
0.001,100,40,10,30,32.44512
0.001,100,40,10,100,32.44512
0.001,100,40,20,5,32.46546
0.001,100,40,20,10,32.44568
0.001,100,40,20,20,32.44568
0.001,100,40,20,30,32.44568
0.001,100,40,20,100,32.44568
0.001,200,2,1,5,29.48716
0.001,200,2,1,10,29.4007
0.001,200,2,1,20,29.399540000000002
0.001,200,2,1,30,29.39968
0.001,200,2,1,100,29.399520000000003
0.001,200,2,5,5,29.488419999999998
0.001,200,2,5,10,29.359859999999998
0.001,200,2,5,20,29.35992
0.001,200,2,5,30,29.35992
0.001,200,2,5,100,29.35992
0.001,200,2,10,5,29.4932
0.001,200,2,10,10,29.37722
0.001,200,2,10,20,29.37722
0.001,200,2,10,30,29.37722
0.001,200,2,10,100,29.37722
0.001,200,2,20,5,29.50548
0.001,200,2,20,10,29.45998
0.001,200,2,20,20,29.45998
0.001,200,2,20,30,29.45998
0.001,200,2,20,100,29.45998
0.001,200,6,1,5,29.48668
0.001,200,6,1,10,29.36936
0.001,200,6,1,20,29.365160000000003
0.001,200,6,1,30,29.365160000000003
0.001,200,6,1,100,29.365160000000003
0.001,200,6,5,5,29.488419999999998
0.001,200,6,5,10,29.359859999999998
0.001,200,6,5,20,29.35992
0.001,200,6,5,30,29.35992
0.001,200,6,5,100,29.35992
0.001,200,6,10,5,29.4932
0.001,200,6,10,10,29.37722
0.001,200,6,10,20,29.37722
0.001,200,6,10,30,29.37722
0.001,200,6,10,100,29.37722
0.001,200,6,20,5,29.50548
0.001,200,6,20,10,29.45998
0.001,200,6,20,20,29.45998
0.001,200,6,20,30,29.45998
0.001,200,6,20,100,29.45998
0.001,200,10,1,5,29.486939999999997
0.001,200,10,1,10,29.363620000000004
0.001,200,10,1,20,29.363259999999997
0.001,200,10,1,30,29.363259999999997
0.001,200,10,1,100,29.363259999999997
0.001,200,10,5,5,29.488419999999998
0.001,200,10,5,10,29.359859999999998
0.001,200,10,5,20,29.35992
0.001,200,10,5,30,29.35992
0.001,200,10,5,100,29.35992
0.001,200,10,10,5,29.4932
0.001,200,10,10,10,29.37722
0.001,200,10,10,20,29.37722
0.001,200,10,10,30,29.37722
0.001,200,10,10,100,29.37722
0.001,200,10,20,5,29.50548
0.001,200,10,20,10,29.45998
0.001,200,10,20,20,29.45998
0.001,200,10,20,30,29.45998
0.001,200,10,20,100,29.45998
0.001,200,20,1,5,29.487900000000003
0.001,200,20,1,10,29.36008
0.001,200,20,1,20,29.36008
0.001,200,20,1,30,29.36008
0.001,200,20,1,100,29.36008
0.001,200,20,5,5,29.489440000000002
0.001,200,20,5,10,29.36232
0.001,200,20,5,20,29.36232
0.001,200,20,5,30,29.36232
0.001,200,20,5,100,29.36232
0.001,200,20,10,5,29.4932
0.001,200,20,10,10,29.37722
0.001,200,20,10,20,29.37722
0.001,200,20,10,30,29.37722
0.001,200,20,10,100,29.37722
0.001,200,20,20,5,29.50548
0.001,200,20,20,10,29.45998
0.001,200,20,20,20,29.45998
0.001,200,20,20,30,29.45998
0.001,200,20,20,100,29.45998
0.001,200,40,1,5,29.50406
0.001,200,40,1,10,29.45738
0.001,200,40,1,20,29.45738
0.001,200,40,1,30,29.45738
0.001,200,40,1,100,29.45738
0.001,200,40,5,5,29.50406
0.001,200,40,5,10,29.45738
0.001,200,40,5,20,29.45738
0.001,200,40,5,30,29.45738
0.001,200,40,5,100,29.45738
0.001,200,40,10,5,29.50562
0.001,200,40,10,10,29.458940000000002
0.001,200,40,10,20,29.458940000000002
0.001,200,40,10,30,29.458940000000002
0.001,200,40,10,100,29.458940000000002
0.001,200,40,20,5,29.50548
0.001,200,40,20,10,29.45998
0.001,200,40,20,20,29.45998
0.001,200,40,20,30,29.45998
0.001,200,40,20,100,29.45998
0.001,350,2,1,5,25.604180000000003
0.001,350,2,1,10,25.411879999999996
0.001,350,2,1,20,25.4142
0.001,350,2,1,30,25.4143
0.001,350,2,1,100,25.4142
0.001,350,2,5,5,25.60536
0.001,350,2,5,10,25.34762
0.001,350,2,5,20,25.34784
0.001,350,2,5,30,25.34784
0.001,350,2,5,100,25.34784
0.001,350,2,10,5,25.61316
0.001,350,2,10,10,25.37218
0.001,350,2,10,20,25.37218
0.001,350,2,10,30,25.37218
0.001,350,2,10,100,25.37218
0.001,350,2,20,5,25.63014
0.001,350,2,20,10,25.51212
0.001,350,2,20,20,25.51212
0.001,350,2,20,30,25.51212
0.001,350,2,20,100,25.51212
0.001,350,6,1,5,25.603460000000002
0.001,350,6,1,10,25.366419999999998
0.001,350,6,1,20,25.3604
0.001,350,6,1,30,25.3604
0.001,350,6,1,100,25.3604
0.001,350,6,5,5,25.60536
0.001,350,6,5,10,25.34762
0.001,350,6,5,20,25.34784
0.001,350,6,5,30,25.34784
0.001,350,6,5,100,25.34784
0.001,350,6,10,5,25.61316
0.001,350,6,10,10,25.37218
0.001,350,6,10,20,25.37218
0.001,350,6,10,30,25.37218
0.001,350,6,10,100,25.37218
0.001,350,6,20,5,25.63014
0.001,350,6,20,10,25.51212
0.001,350,6,20,20,25.51212
0.001,350,6,20,30,25.51212
0.001,350,6,20,100,25.51212
0.001,350,10,1,5,25.60384
0.001,350,10,1,10,25.35256
0.001,350,10,1,20,25.351940000000003
0.001,350,10,1,30,25.351940000000003
0.001,350,10,1,100,25.351940000000003
0.001,350,10,5,5,25.60536
0.001,350,10,5,10,25.34762
0.001,350,10,5,20,25.34784
0.001,350,10,5,30,25.34784
0.001,350,10,5,100,25.34784
0.001,350,10,10,5,25.61316
0.001,350,10,10,10,25.37218
0.001,350,10,10,20,25.37218
0.001,350,10,10,30,25.37218
0.001,350,10,10,100,25.37218
0.001,350,10,20,5,25.63014
0.001,350,10,20,10,25.51212
0.001,350,10,20,20,25.51212
0.001,350,10,20,30,25.51212
0.001,350,10,20,100,25.51212
0.001,350,20,1,5,25.605380000000004
0.001,350,20,1,10,25.34494
0.001,350,20,1,20,25.34494
0.001,350,20,1,30,25.34494
0.001,350,20,1,100,25.34494
0.001,350,20,5,5,25.606960000000004
0.001,350,20,5,10,25.34808
0.001,350,20,5,20,25.34808
0.001,350,20,5,30,25.34808
0.001,350,20,5,100,25.34808
0.001,350,20,10,5,25.61316
0.001,350,20,10,10,25.37218
0.001,350,20,10,20,25.37218
0.001,350,20,10,30,25.37218
0.001,350,20,10,100,25.37218
0.001,350,20,20,5,25.63014
0.001,350,20,20,10,25.51212
0.001,350,20,20,20,25.51212
0.001,350,20,20,30,25.51212
0.001,350,20,20,100,25.51212
0.001,350,40,1,5,25.627459999999996
0.001,350,40,1,10,25.5053
0.001,350,40,1,20,25.5053
0.001,350,40,1,30,25.5053
0.001,350,40,1,100,25.5053
0.001,350,40,5,5,25.627459999999996
0.001,350,40,5,10,25.5053
0.001,350,40,5,20,25.5053
0.001,350,40,5,30,25.5053
0.001,350,40,5,100,25.5053
0.001,350,40,10,5,25.629640000000002
0.001,350,40,10,10,25.5075
0.001,350,40,10,20,25.5075
0.001,350,40,10,30,25.5075
0.001,350,40,10,100,25.5075
0.001,350,40,20,5,25.63014
0.001,350,40,20,10,25.51212
0.001,350,40,20,20,25.51212
0.001,350,40,20,30,25.51212
0.001,350,40,20,100,25.51212
0.001,500,2,1,5,22.311
0.001,500,2,1,10,21.988319999999998
0.001,500,2,1,20,21.99556
0.001,500,2,1,30,21.99562
0.001,500,2,1,100,21.995520000000003
0.001,500,2,5,5,22.3123
0.001,500,2,5,10,21.90124
0.001,500,2,5,20,21.90144
0.001,500,2,5,30,21.90144
0.001,500,2,5,100,21.90144
0.001,500,2,10,5,22.32172
0.001,500,2,10,10,21.9324
0.001,500,2,10,20,21.9324
0.001,500,2,10,30,21.9324
0.001,500,2,10,100,21.9324
0.001,500,2,20,5,22.33546
0.001,500,2,20,10,22.10764
0.001,500,2,20,20,22.10764
0.001,500,2,20,30,22.10764
0.001,500,2,20,100,22.10764
0.001,500,6,1,5,22.31014
0.001,500,6,1,10,21.924259999999997
0.001,500,6,1,20,21.916539999999998
0.001,500,6,1,30,21.916539999999998
0.001,500,6,1,100,21.91652
0.001,500,6,5,5,22.3123
0.001,500,6,5,10,21.90124
0.001,500,6,5,20,21.90144
0.001,500,6,5,30,21.90144
0.001,500,6,5,100,21.90144
0.001,500,6,10,5,22.32172
0.001,500,6,10,10,21.9324
0.001,500,6,10,20,21.9324
0.001,500,6,10,30,21.9324
0.001,500,6,10,100,21.9324
0.001,500,6,20,5,22.33546
0.001,500,6,20,10,22.10764
0.001,500,6,20,20,22.10764
0.001,500,6,20,30,22.10764
0.001,500,6,20,100,22.10764
0.001,500,10,1,5,22.310560000000002
0.001,500,10,1,10,21.907159999999998
0.001,500,10,1,20,21.906280000000002
0.001,500,10,1,30,21.906280000000002
0.001,500,10,1,100,21.906280000000002
0.001,500,10,5,5,22.3123
0.001,500,10,5,10,21.90124
0.001,500,10,5,20,21.90144
0.001,500,10,5,30,21.90144
0.001,500,10,5,100,21.90144
0.001,500,10,10,5,22.32172
0.001,500,10,10,10,21.9324
0.001,500,10,10,20,21.9324
0.001,500,10,10,30,21.9324
0.001,500,10,10,100,21.9324
0.001,500,10,20,5,22.33546
0.001,500,10,20,10,22.10764
0.001,500,10,20,20,22.10764
0.001,500,10,20,30,22.10764
0.001,500,10,20,100,22.10764
0.001,500,20,1,5,22.312739999999998
0.001,500,20,1,10,21.89896
0.001,500,20,1,20,21.89896
0.001,500,20,1,30,21.89896
0.001,500,20,1,100,21.89896
0.001,500,20,5,5,22.314299999999996
0.001,500,20,5,10,21.90276
0.001,500,20,5,20,21.90276
0.001,500,20,5,30,21.90276
0.001,500,20,5,100,21.90276
0.001,500,20,10,5,22.32172
0.001,500,20,10,10,21.9324
0.001,500,20,10,20,21.9324
0.001,500,20,10,30,21.9324
0.001,500,20,10,100,21.9324
0.001,500,20,20,5,22.33546
0.001,500,20,20,10,22.10764
0.001,500,20,20,20,22.10764
0.001,500,20,20,30,22.10764
0.001,500,20,20,100,22.10764
0.001,500,40,1,5,22.33312
0.001,500,40,1,10,22.09882
0.001,500,40,1,20,22.09882
0.001,500,40,1,30,22.09882
0.001,500,40,1,100,22.09882
0.001,500,40,5,5,22.33312
0.001,500,40,5,10,22.09882
0.001,500,40,5,20,22.09882
0.001,500,40,5,30,22.09882
0.001,500,40,5,100,22.09882
0.001,500,40,10,5,22.33572
0.001,500,40,10,10,22.10144
0.001,500,40,10,20,22.10144
0.001,500,40,10,30,22.10144
0.001,500,40,10,100,22.10144
0.001,500,40,20,5,22.33546
0.001,500,40,20,10,22.10764
0.001,500,40,20,20,22.10764
0.001,500,40,20,30,22.10764
0.001,500,40,20,100,22.10764
0.01,10,2,1,5,32.44068
0.01,10,2,1,10,32.4037
0.01,10,2,1,20,32.40282
0.01,10,2,1,30,32.402680000000004
0.01,10,2,1,100,32.40268
0.01,10,2,5,5,32.4415
0.01,10,2,5,10,32.38216
0.01,10,2,5,20,32.38216
0.01,10,2,5,30,32.38216
0.01,10,2,5,100,32.38216
0.01,10,2,10,5,32.44376000000001
0.01,10,2,10,10,32.3915
0.01,10,2,10,20,32.3915
0.01,10,2,10,30,32.3915
0.01,10,2,10,100,32.3915
0.01,10,2,20,5,32.45132
0.01,10,2,20,10,32.431400000000004
0.01,10,2,20,20,32.431400000000004
0.01,10,2,20,30,32.431400000000004
0.01,10,2,20,100,32.431400000000004
0.01,10,6,1,5,32.44044
0.01,10,6,1,10,32.38682000000001
0.01,10,6,1,20,32.38448
0.01,10,6,1,30,32.38448
0.01,10,6,1,100,32.38448
0.01,10,6,5,5,32.4415
0.01,10,6,5,10,32.38216
0.01,10,6,5,20,32.38216
0.01,10,6,5,30,32.38216
0.01,10,6,5,100,32.38216
0.01,10,6,10,5,32.44376000000001
0.01,10,6,10,10,32.3915
0.01,10,6,10,20,32.3915
0.01,10,6,10,30,32.3915
0.01,10,6,10,100,32.3915
0.01,10,6,20,5,32.45132
0.01,10,6,20,10,32.431400000000004
0.01,10,6,20,20,32.431400000000004
0.01,10,6,20,30,32.431400000000004
0.01,10,6,20,100,32.431400000000004
0.01,10,10,1,5,32.44056
0.01,10,10,1,10,32.3845
0.01,10,10,1,20,32.3844
0.01,10,10,1,30,32.3844
0.01,10,10,1,100,32.3844
0.01,10,10,5,5,32.4415
0.01,10,10,5,10,32.38216
0.01,10,10,5,20,32.38216
0.01,10,10,5,30,32.38216
0.01,10,10,5,100,32.38216
0.01,10,10,10,5,32.44376000000001
0.01,10,10,10,10,32.3915
0.01,10,10,10,20,32.3915
0.01,10,10,10,30,32.3915
0.01,10,10,10,100,32.3915
0.01,10,10,20,5,32.45132
0.01,10,10,20,10,32.431400000000004
0.01,10,10,20,20,32.431400000000004
0.01,10,10,20,30,32.431400000000004
0.01,10,10,20,100,32.431400000000004
0.01,10,20,1,5,32.44104
0.01,10,20,1,10,32.38305999999999
0.01,10,20,1,20,32.38305999999999
0.01,10,20,1,30,32.38305999999999
0.01,10,20,1,100,32.38305999999999
0.01,10,20,5,5,32.44199999999999
0.01,10,20,5,10,32.384339999999995
0.01,10,20,5,20,32.384339999999995
0.01,10,20,5,30,32.384339999999995
0.01,10,20,5,100,32.384339999999995
0.01,10,20,10,5,32.44376000000001
0.01,10,20,10,10,32.3915
0.01,10,20,10,20,32.3915
0.01,10,20,10,30,32.3915
0.01,10,20,10,100,32.3915
0.01,10,20,20,5,32.45132
0.01,10,20,20,10,32.431400000000004
0.01,10,20,20,20,32.431400000000004
0.01,10,20,20,30,32.431400000000004
0.01,10,20,20,100,32.431400000000004
0.01,10,40,1,5,32.450540000000004
0.01,10,40,1,10,32.430040000000005
0.01,10,40,1,20,32.430040000000005
0.01,10,40,1,30,32.430040000000005
0.01,10,40,1,100,32.430040000000005
0.01,10,40,5,5,32.450540000000004
0.01,10,40,5,10,32.430040000000005
0.01,10,40,5,20,32.430040000000005
0.01,10,40,5,30,32.430040000000005
0.01,10,40,5,100,32.430040000000005
0.01,10,40,10,5,32.45136000000001
0.01,10,40,10,10,32.43086
0.01,10,40,10,20,32.43086
0.01,10,40,10,30,32.43086
0.01,10,40,10,100,32.43086
0.01,10,40,20,5,32.45132
0.01,10,40,20,10,32.431400000000004
0.01,10,40,20,20,32.431400000000004
0.01,10,40,20,30,32.431400000000004
0.01,10,40,20,100,32.431400000000004
0.01,30,2,1,5,26.792880000000004
0.01,30,2,1,10,26.63956
0.01,30,2,1,20,26.64024
0.01,30,2,1,30,26.64056
0.01,30,2,1,100,26.64058
0.01,30,2,5,5,26.794040000000003
0.01,30,2,5,10,26.582140000000003
0.01,30,2,5,20,26.58234
0.01,30,2,5,30,26.58234
0.01,30,2,5,100,26.58234
0.01,30,2,10,5,26.80086
0.01,30,2,10,10,26.60476
0.01,30,2,10,20,26.60476
0.01,30,2,10,30,26.60476
0.01,30,2,10,100,26.60476
0.01,30,2,20,5,26.81742
0.01,30,2,20,10,26.72926
0.01,30,2,20,20,26.72926
0.01,30,2,20,30,26.72926
0.01,30,2,20,100,26.72926
0.01,30,6,1,5,26.792219999999997
0.01,30,6,1,10,26.59838
0.01,30,6,1,20,26.593
0.01,30,6,1,30,26.593
0.01,30,6,1,100,26.593
0.01,30,6,5,5,26.794040000000003
0.01,30,6,5,10,26.582140000000003
0.01,30,6,5,20,26.58234
0.01,30,6,5,30,26.58234
0.01,30,6,5,100,26.58234
0.01,30,6,10,5,26.80086
0.01,30,6,10,10,26.60476
0.01,30,6,10,20,26.60476
0.01,30,6,10,30,26.60476
0.01,30,6,10,100,26.60476
0.01,30,6,20,5,26.81742
0.01,30,6,20,10,26.72926
0.01,30,6,20,20,26.72926
0.01,30,6,20,30,26.72926
0.01,30,6,20,100,26.72926
0.01,30,10,1,5,26.792539999999995
0.01,30,10,1,10,26.58664
0.01,30,10,1,20,26.58612
0.01,30,10,1,30,26.58612
0.01,30,10,1,100,26.58612
0.01,30,10,5,5,26.794040000000003
0.01,30,10,5,10,26.582140000000003
0.01,30,10,5,20,26.58234
0.01,30,10,5,30,26.58234
0.01,30,10,5,100,26.58234
0.01,30,10,10,5,26.80086
0.01,30,10,10,10,26.60476
0.01,30,10,10,20,26.60476
0.01,30,10,10,30,26.60476
0.01,30,10,10,100,26.60476
0.01,30,10,20,5,26.81742
0.01,30,10,20,10,26.72926
0.01,30,10,20,20,26.72926
0.01,30,10,20,30,26.72926
0.01,30,10,20,100,26.72926
0.01,30,20,1,5,26.793919999999996
0.01,30,20,1,10,26.57976
0.01,30,20,1,20,26.57976
0.01,30,20,1,30,26.57976
0.01,30,20,1,100,26.57976
0.01,30,20,5,5,26.795479999999998
0.01,30,20,5,10,26.58274
0.01,30,20,5,20,26.58274
0.01,30,20,5,30,26.58274
0.01,30,20,5,100,26.58274
0.01,30,20,10,5,26.80086
0.01,30,20,10,10,26.60476
0.01,30,20,10,20,26.60476
0.01,30,20,10,30,26.60476
0.01,30,20,10,100,26.60476
0.01,30,20,20,5,26.81742
0.01,30,20,20,10,26.72926
0.01,30,20,20,20,26.72926
0.01,30,20,20,30,26.72926
0.01,30,20,20,100,26.72926
0.01,30,40,1,5,26.815180000000005
0.01,30,40,1,10,26.72374
0.01,30,40,1,20,26.72374
0.01,30,40,1,30,26.72374
0.01,30,40,1,100,26.72374
0.01,30,40,5,5,26.815180000000005
0.01,30,40,5,10,26.72374
0.01,30,40,5,20,26.72374
0.01,30,40,5,30,26.72374
0.01,30,40,5,100,26.72374
0.01,30,40,10,5,26.817200000000003
0.01,30,40,10,10,26.725779999999997
0.01,30,40,10,20,26.725779999999997
0.01,30,40,10,30,26.725779999999997
0.01,30,40,10,100,26.725779999999997
0.01,30,40,20,5,26.81742
0.01,30,40,20,10,26.72926
0.01,30,40,20,20,26.72926
0.01,30,40,20,30,26.72926
0.01,30,40,20,100,26.72926
0.01,50,2,1,5,22.2649
0.01,50,2,1,10,21.940800000000003
0.01,50,2,1,20,21.94788
0.01,50,2,1,30,21.947779999999998
0.01,50,2,1,100,21.947799999999997
0.01,50,2,5,5,22.2663
0.01,50,2,5,10,21.85308
0.01,50,2,5,20,21.85326
0.01,50,2,5,30,21.85326
0.01,50,2,5,100,21.85326
0.01,50,2,10,5,22.27582
0.01,50,2,10,10,21.884260000000005
0.01,50,2,10,20,21.884260000000005
0.01,50,2,10,30,21.884260000000005
0.01,50,2,10,100,21.884260000000005
0.01,50,2,20,5,22.2902
0.01,50,2,20,10,22.06098
0.01,50,2,20,20,22.06098
0.01,50,2,20,30,22.06098
0.01,50,2,20,100,22.06098
0.01,50,6,1,5,22.264059999999997
0.01,50,6,1,10,21.87642
0.01,50,6,1,20,21.868720000000003
0.01,50,6,1,30,21.86856
0.01,50,6,1,100,21.86858
0.01,50,6,5,5,22.2663
0.01,50,6,5,10,21.85308
0.01,50,6,5,20,21.85326
0.01,50,6,5,30,21.85326
0.01,50,6,5,100,21.85326
0.01,50,6,10,5,22.27582
0.01,50,6,10,10,21.884260000000005
0.01,50,6,10,20,21.884260000000005
0.01,50,6,10,30,21.884260000000005
0.01,50,6,10,100,21.884260000000005
0.01,50,6,20,5,22.2902
0.01,50,6,20,10,22.06098
0.01,50,6,20,20,22.06098
0.01,50,6,20,30,22.06098
0.01,50,6,20,100,22.06098
0.01,50,10,1,5,22.2645
0.01,50,10,1,10,21.85908
0.01,50,10,1,20,21.858159999999998
0.01,50,10,1,30,21.858159999999998
0.01,50,10,1,100,21.858159999999998
0.01,50,10,5,5,22.2663
0.01,50,10,5,10,21.85308
0.01,50,10,5,20,21.85326
0.01,50,10,5,30,21.85326
0.01,50,10,5,100,21.85326
0.01,50,10,10,5,22.27582
0.01,50,10,10,10,21.884260000000005
0.01,50,10,10,20,21.884260000000005
0.01,50,10,10,30,21.884260000000005
0.01,50,10,10,100,21.884260000000005
0.01,50,10,20,5,22.2902
0.01,50,10,20,10,22.06098
0.01,50,10,20,20,22.06098
0.01,50,10,20,30,22.06098
0.01,50,10,20,100,22.06098
0.01,50,20,1,5,22.26668
0.01,50,20,1,10,21.850640000000002
0.01,50,20,1,20,21.850640000000002
0.01,50,20,1,30,21.850640000000002
0.01,50,20,1,100,21.850640000000002
0.01,50,20,5,5,22.2683
0.01,50,20,5,10,21.85452
0.01,50,20,5,20,21.85452
0.01,50,20,5,30,21.85452
0.01,50,20,5,100,21.85452
0.01,50,20,10,5,22.27582
0.01,50,20,10,10,21.884260000000005
0.01,50,20,10,20,21.884260000000005
0.01,50,20,10,30,21.884260000000005
0.01,50,20,10,100,21.884260000000005
0.01,50,20,20,5,22.2902
0.01,50,20,20,10,22.06098
0.01,50,20,20,20,22.06098
0.01,50,20,20,30,22.06098
0.01,50,20,20,100,22.06098
0.01,50,40,1,5,22.2879
0.01,50,40,1,10,22.0518
0.01,50,40,1,20,22.0518
0.01,50,40,1,30,22.0518
0.01,50,40,1,100,22.0518
0.01,50,40,5,5,22.2879
0.01,50,40,5,10,22.0518
0.01,50,40,5,20,22.0518
0.01,50,40,5,30,22.0518
0.01,50,40,5,100,22.0518
0.01,50,40,10,5,22.29052
0.01,50,40,10,10,22.0544
0.01,50,40,10,20,22.0544
0.01,50,40,10,30,22.0544
0.01,50,40,10,100,22.0544
0.01,50,40,20,5,22.2902
0.01,50,40,20,10,22.06098
0.01,50,40,20,20,22.06098
0.01,50,40,20,30,22.06098
0.01,50,40,20,100,22.06098
0.01,100,2,1,5,14.30634
0.01,100,2,1,10,13.68364
0.01,100,2,1,20,13.71396
0.01,100,2,1,30,13.71396
0.01,100,2,1,100,13.713659999999999
0.01,100,2,5,5,14.30744
0.01,100,2,5,10,13.514320000000001
0.01,100,2,5,20,13.514959999999999
0.01,100,2,5,30,13.514959999999999
0.01,100,2,5,100,13.514959999999999
0.01,100,2,10,5,14.31722
0.01,100,2,10,10,13.556700000000001
0.01,100,2,10,20,13.556700000000001
0.01,100,2,10,30,13.556700000000001
0.01,100,2,10,100,13.556700000000001
0.01,100,2,20,5,14.32578
0.01,100,2,20,10,13.80582
0.01,100,2,20,20,13.80582
0.01,100,2,20,30,13.80582
0.01,100,2,20,100,13.80582
0.01,100,6,1,5,14.304839999999999
0.01,100,6,1,10,13.56754
0.01,100,6,1,20,13.55968
0.01,100,6,1,30,13.559720000000002
0.01,100,6,1,100,13.559800000000001
0.01,100,6,5,5,14.30744
0.01,100,6,5,10,13.514320000000001
0.01,100,6,5,20,13.514959999999999
0.01,100,6,5,30,13.514959999999999
0.01,100,6,5,100,13.514959999999999
0.01,100,6,10,5,14.31722
0.01,100,6,10,10,13.556700000000001
0.01,100,6,10,20,13.556700000000001
0.01,100,6,10,30,13.556700000000001
0.01,100,6,10,100,13.556700000000001
0.01,100,6,20,5,14.32578
0.01,100,6,20,10,13.80582
0.01,100,6,20,20,13.80582
0.01,100,6,20,30,13.80582
0.01,100,6,20,100,13.80582
0.01,100,10,1,5,14.305239999999998
0.01,100,10,1,10,13.533419999999998
0.01,100,10,1,20,13.53358
0.01,100,10,1,30,13.53358
0.01,100,10,1,100,13.53358
0.01,100,10,5,5,14.30744
0.01,100,10,5,10,13.514320000000001
0.01,100,10,5,20,13.514959999999999
0.01,100,10,5,30,13.514959999999999
0.01,100,10,5,100,13.514959999999999
0.01,100,10,10,5,14.31722
0.01,100,10,10,10,13.556700000000001
0.01,100,10,10,20,13.556700000000001
0.01,100,10,10,30,13.556700000000001
0.01,100,10,10,100,13.556700000000001
0.01,100,10,20,5,14.32578
0.01,100,10,20,10,13.80582
0.01,100,10,20,20,13.80582
0.01,100,10,20,30,13.80582
0.01,100,10,20,100,13.80582
0.01,100,20,1,5,14.308659999999998
0.01,100,20,1,10,13.509039999999999
0.01,100,20,1,20,13.509039999999999
0.01,100,20,1,30,13.509039999999999
0.01,100,20,1,100,13.509039999999999
0.01,100,20,5,5,14.31054
0.01,100,20,5,10,13.51406
0.01,100,20,5,20,13.51406
0.01,100,20,5,30,13.51406
0.01,100,20,5,100,13.51406
0.01,100,20,10,5,14.31722
0.01,100,20,10,10,13.556700000000001
0.01,100,20,10,20,13.556700000000001
0.01,100,20,10,30,13.556700000000001
0.01,100,20,10,100,13.556700000000001
0.01,100,20,20,5,14.32578
0.01,100,20,20,10,13.80582
0.01,100,20,20,20,13.80582
0.01,100,20,20,30,13.80582
0.01,100,20,20,100,13.80582
0.01,100,40,1,5,14.31266
0.01,100,40,1,10,13.799579999999997
0.01,100,40,1,20,13.799579999999997
0.01,100,40,1,30,13.799579999999997
0.01,100,40,1,100,13.799579999999997
0.01,100,40,5,5,14.31266
0.01,100,40,5,10,13.7988
0.01,100,40,5,20,13.7988
0.01,100,40,5,30,13.7988
0.01,100,40,5,100,13.7988
0.01,100,40,10,5,14.31626
0.01,100,40,10,10,13.8024
0.01,100,40,10,20,13.8024
0.01,100,40,10,30,13.8024
0.01,100,40,10,100,13.8024
0.01,100,40,20,5,14.32578
0.01,100,40,20,10,13.80582
0.01,100,40,20,20,13.80582
0.01,100,40,20,30,13.80582
0.01,100,40,20,100,13.80582
0.01,200,2,1,5,6.430339999999999
0.01,200,2,1,10,6.004759999999999
0.01,200,2,1,20,6.1055600000000005
0.01,200,2,1,30,6.10574
0.01,200,2,1,100,6.10618
0.01,200,2,5,5,6.431800000000001
0.01,200,2,5,10,5.664759999999999
0.01,200,2,5,20,5.66646
0.01,200,2,5,30,5.66646
0.01,200,2,5,100,5.66646
0.01,200,2,10,5,6.444800000000001
0.01,200,2,10,10,5.68362
0.01,200,2,10,20,5.68362
0.01,200,2,10,30,5.68362
0.01,200,2,10,100,5.68362
0.01,200,2,20,5,6.49614
0.01,200,2,20,10,5.99062
0.01,200,2,20,20,5.99062
0.01,200,2,20,30,5.99062
0.01,200,2,20,100,5.99062
0.01,200,6,1,5,6.42756
0.01,200,6,1,10,5.80658
0.01,200,6,1,20,5.825819999999999
0.01,200,6,1,30,5.82576
0.01,200,6,1,100,5.82576
0.01,200,6,5,5,6.431800000000001
0.01,200,6,5,10,5.664759999999999
0.01,200,6,5,20,5.66646
0.01,200,6,5,30,5.66646
0.01,200,6,5,100,5.66646
0.01,200,6,10,5,6.444800000000001
0.01,200,6,10,10,5.68362
0.01,200,6,10,20,5.68362
0.01,200,6,10,30,5.68362
0.01,200,6,10,100,5.68362
0.01,200,6,20,5,6.49614
0.01,200,6,20,10,5.99062
0.01,200,6,20,20,5.99062
0.01,200,6,20,30,5.99062
0.01,200,6,20,100,5.99062
0.01,200,10,1,5,6.42816
0.01,200,10,1,10,5.71696
0.01,200,10,1,20,5.72014
0.01,200,10,1,30,5.72014
0.01,200,10,1,100,5.72014
0.01,200,10,5,5,6.431800000000001
0.01,200,10,5,10,5.664759999999999
0.01,200,10,5,20,5.66646
0.01,200,10,5,30,5.66646
0.01,200,10,5,100,5.66646
0.01,200,10,10,5,6.444800000000001
0.01,200,10,10,10,5.68362
0.01,200,10,10,20,5.68362
0.01,200,10,10,30,5.68362
0.01,200,10,10,100,5.68362
0.01,200,10,20,5,6.49614
0.01,200,10,20,10,5.99062
0.01,200,10,20,20,5.99062
0.01,200,10,20,30,5.99062
0.01,200,10,20,100,5.99062
0.01,200,20,1,5,6.4345
0.01,200,20,1,10,5.6622
0.01,200,20,1,20,5.6622
0.01,200,20,1,30,5.6622
0.01,200,20,1,100,5.6622
0.01,200,20,5,5,6.436080000000001
0.01,200,20,5,10,5.6595200000000006
0.01,200,20,5,20,5.6595200000000006
0.01,200,20,5,30,5.6595200000000006
0.01,200,20,5,100,5.6595200000000006
0.01,200,20,10,5,6.444800000000001
0.01,200,20,10,10,5.68362
0.01,200,20,10,20,5.68362
0.01,200,20,10,30,5.68362
0.01,200,20,10,100,5.68362
0.01,200,20,20,5,6.49614
0.01,200,20,20,10,5.99062
0.01,200,20,20,20,5.99062
0.01,200,20,20,30,5.99062
0.01,200,20,20,100,5.99062
0.01,200,40,1,5,6.450999999999999
0.01,200,40,1,10,5.9205000000000005
0.01,200,40,1,20,5.9205000000000005
0.01,200,40,1,30,5.9205000000000005
0.01,200,40,1,100,5.9205000000000005
0.01,200,40,5,5,6.450999999999999
0.01,200,40,5,10,5.9172400000000005
0.01,200,40,5,20,5.9172400000000005
0.01,200,40,5,30,5.9172400000000005
0.01,200,40,5,100,5.9172400000000005
0.01,200,40,10,5,6.456179999999999
0.01,200,40,10,10,5.9204799999999995
0.01,200,40,10,20,5.9204799999999995
0.01,200,40,10,30,5.9204799999999995
0.01,200,40,10,100,5.9204799999999995
0.01,200,40,20,5,6.49614
0.01,200,40,20,10,5.99062
0.01,200,40,20,20,5.99062
0.01,200,40,20,30,5.99062
0.01,200,40,20,100,5.99062
0.01,350,2,1,5,2.8855200000000005
0.01,350,2,1,10,3.24512
0.01,350,2,1,20,3.3647600000000004
0.01,350,2,1,30,3.36522
0.01,350,2,1,100,3.36522
0.01,350,2,5,5,2.8881799999999997
0.01,350,2,5,10,2.7052799999999997
0.01,350,2,5,20,2.7075199999999997
0.01,350,2,5,30,2.7075199999999997
0.01,350,2,5,100,2.7075199999999997
0.01,350,2,10,5,2.9131
0.01,350,2,10,10,2.61354
0.01,350,2,10,20,2.6135200000000003
0.01,350,2,10,30,2.6135200000000003
0.01,350,2,10,100,2.6135200000000003
0.01,350,2,20,5,3.0795000000000003
0.01,350,2,20,10,2.86294
0.01,350,2,20,20,2.86294
0.01,350,2,20,30,2.86294
0.01,350,2,20,100,2.86294
0.01,350,6,1,5,2.88354
0.01,350,6,1,10,3.01372
0.01,350,6,1,20,3.04572
0.01,350,6,1,30,3.04572
0.01,350,6,1,100,3.04572
0.01,350,6,5,5,2.8881799999999997
0.01,350,6,5,10,2.7052799999999997
0.01,350,6,5,20,2.7075199999999997
0.01,350,6,5,30,2.7075199999999997
0.01,350,6,5,100,2.7075199999999997
0.01,350,6,10,5,2.9131
0.01,350,6,10,10,2.61354
0.01,350,6,10,20,2.6135200000000003
0.01,350,6,10,30,2.6135200000000003
0.01,350,6,10,100,2.6135200000000003
0.01,350,6,20,5,3.0795000000000003
0.01,350,6,20,10,2.86294
0.01,350,6,20,20,2.86294
0.01,350,6,20,30,2.86294
0.01,350,6,20,100,2.86294
0.01,350,10,1,5,2.8827
0.01,350,10,1,10,2.79912
0.01,350,10,1,20,2.80028
0.01,350,10,1,30,2.80028
0.01,350,10,1,100,2.80028
0.01,350,10,5,5,2.8881799999999997
0.01,350,10,5,10,2.7052799999999997
0.01,350,10,5,20,2.7075199999999997
0.01,350,10,5,30,2.7075199999999997
0.01,350,10,5,100,2.7075199999999997
0.01,350,10,10,5,2.9131
0.01,350,10,10,10,2.61354
0.01,350,10,10,20,2.6135200000000003
0.01,350,10,10,30,2.6135200000000003
0.01,350,10,10,100,2.6135200000000003
0.01,350,10,20,5,3.0795000000000003
0.01,350,10,20,10,2.86294
0.01,350,10,20,20,2.86294
0.01,350,10,20,30,2.86294
0.01,350,10,20,100,2.86294
0.01,350,20,1,5,2.88398
0.01,350,20,1,10,2.6453800000000003
0.01,350,20,1,20,2.6453800000000003
0.01,350,20,1,30,2.6453800000000003
0.01,350,20,1,100,2.6453800000000003
0.01,350,20,5,5,2.89692
0.01,350,20,5,10,2.6367800000000003
0.01,350,20,5,20,2.6367000000000003
0.01,350,20,5,30,2.6367000000000003
0.01,350,20,5,100,2.6367000000000003
0.01,350,20,10,5,2.9131
0.01,350,20,10,10,2.61354
0.01,350,20,10,20,2.6135200000000003
0.01,350,20,10,30,2.6135200000000003
0.01,350,20,10,100,2.6135200000000003
0.01,350,20,20,5,3.0795000000000003
0.01,350,20,20,10,2.86294
0.01,350,20,20,20,2.86294
0.01,350,20,20,30,2.86294
0.01,350,20,20,100,2.86294
0.01,350,40,1,5,3.0015
0.01,350,40,1,10,2.78298
0.01,350,40,1,20,2.78298
0.01,350,40,1,30,2.78298
0.01,350,40,1,100,2.78298
0.01,350,40,5,5,3.0015
0.01,350,40,5,10,2.78076
0.01,350,40,5,20,2.78076
0.01,350,40,5,30,2.78076
0.01,350,40,5,100,2.78076
0.01,350,40,10,5,3.0069799999999995
0.01,350,40,10,10,2.77818
0.01,350,40,10,20,2.77818
0.01,350,40,10,30,2.77818
0.01,350,40,10,100,2.77818
0.01,350,40,20,5,3.0795000000000003
0.01,350,40,20,10,2.86294
0.01,350,40,20,20,2.86294
0.01,350,40,20,30,2.86294
0.01,350,40,20,100,2.86294
0.01,500,2,1,5,2.42282
0.01,500,2,1,10,3.0284999999999997
0.01,500,2,1,20,3.1264399999999997
0.01,500,2,1,30,3.12676
0.01,500,2,1,100,3.1264399999999997
0.01,500,2,5,5,2.4203799999999998
0.01,500,2,5,10,2.47102
0.01,500,2,5,20,2.47364
0.01,500,2,5,30,2.47364
0.01,500,2,5,100,2.47364
0.01,500,2,10,5,2.44486
0.01,500,2,10,10,2.3015999999999996
0.01,500,2,10,20,2.3022599999999995
0.01,500,2,10,30,2.3022599999999995
0.01,500,2,10,100,2.3022599999999995
0.01,500,2,20,5,2.6208199999999997
0.01,500,2,20,10,2.46244
0.01,500,2,20,20,2.46244
0.01,500,2,20,30,2.46244
0.01,500,2,20,100,2.46244
0.01,500,6,1,5,2.4229
0.01,500,6,1,10,2.8370400000000005
0.01,500,6,1,20,2.87258
0.01,500,6,1,30,2.87256
0.01,500,6,1,100,2.87258
0.01,500,6,5,5,2.4203799999999998
0.01,500,6,5,10,2.47102
0.01,500,6,5,20,2.47364
0.01,500,6,5,30,2.47364
0.01,500,6,5,100,2.47364
0.01,500,6,10,5,2.44486
0.01,500,6,10,10,2.3015999999999996
0.01,500,6,10,20,2.3022599999999995
0.01,500,6,10,30,2.3022599999999995
0.01,500,6,10,100,2.3022599999999995
0.01,500,6,20,5,2.6208199999999997
0.01,500,6,20,10,2.46244
0.01,500,6,20,20,2.46244
0.01,500,6,20,30,2.46244
0.01,500,6,20,100,2.46244
0.01,500,10,1,5,2.4242
0.01,500,10,1,10,2.5994
0.01,500,10,1,20,2.60286
0.01,500,10,1,30,2.60286
0.01,500,10,1,100,2.60286
0.01,500,10,5,5,2.4203799999999998
0.01,500,10,5,10,2.47102
0.01,500,10,5,20,2.47364
0.01,500,10,5,30,2.47364
0.01,500,10,5,100,2.47364
0.01,500,10,10,5,2.44486
0.01,500,10,10,10,2.3015999999999996
0.01,500,10,10,20,2.3022599999999995
0.01,500,10,10,30,2.3022599999999995
0.01,500,10,10,100,2.3022599999999995
0.01,500,10,20,5,2.6208199999999997
0.01,500,10,20,10,2.46244
0.01,500,10,20,20,2.46244
0.01,500,10,20,30,2.46244
0.01,500,10,20,100,2.46244
0.01,500,20,1,5,2.4276600000000004
0.01,500,20,1,10,2.37884
0.01,500,20,1,20,2.38244
0.01,500,20,1,30,2.38244
0.01,500,20,1,100,2.38244
0.01,500,20,5,5,2.43474
0.01,500,20,5,10,2.36266
0.01,500,20,5,20,2.3627
0.01,500,20,5,30,2.3627
0.01,500,20,5,100,2.3627
0.01,500,20,10,5,2.44486
0.01,500,20,10,10,2.3015999999999996
0.01,500,20,10,20,2.3022599999999995
0.01,500,20,10,30,2.3022599999999995
0.01,500,20,10,100,2.3022599999999995
0.01,500,20,20,5,2.6208199999999997
0.01,500,20,20,10,2.46244
0.01,500,20,20,20,2.46244
0.01,500,20,20,30,2.46244
0.01,500,20,20,100,2.46244
0.01,500,40,1,5,2.5212600000000003
0.01,500,40,1,10,2.38144
0.01,500,40,1,20,2.38144
0.01,500,40,1,30,2.38144
0.01,500,40,1,100,2.38144
0.01,500,40,5,5,2.5212600000000003
0.01,500,40,5,10,2.38108
0.01,500,40,5,20,2.38108
0.01,500,40,5,30,2.38108
0.01,500,40,5,100,2.38108
0.01,500,40,10,5,2.5161399999999996
0.01,500,40,10,10,2.37672
0.01,500,40,10,20,2.37672
0.01,500,40,10,30,2.37672
0.01,500,40,10,100,2.37672
0.01,500,40,20,5,2.6208199999999997
0.01,500,40,20,10,2.46244
0.01,500,40,20,20,2.46244
0.01,500,40,20,30,2.46244
0.01,500,40,20,100,2.46244
0.05,10,2,1,5,22.05512
0.05,10,2,1,10,21.722559999999998
0.05,10,2,1,20,21.729879999999998
0.05,10,2,1,30,21.72978
0.05,10,2,1,100,21.729719999999997
0.05,10,2,5,5,22.056279999999997
0.05,10,2,5,10,21.63374
0.05,10,2,5,20,21.633860000000002
0.05,10,2,5,30,21.633860000000002
0.05,10,2,5,100,21.633860000000002
0.05,10,2,10,5,22.06608
0.05,10,2,10,10,21.6642
0.05,10,2,10,20,21.6642
0.05,10,2,10,30,21.6642
0.05,10,2,10,100,21.6642
0.05,10,2,20,5,22.080000000000002
0.05,10,2,20,10,21.844699999999996
0.05,10,2,20,20,21.844699999999996
0.05,10,2,20,30,21.844699999999996
0.05,10,2,20,100,21.844699999999996
0.05,10,6,1,5,22.0543
0.05,10,6,1,10,21.658139999999996
0.05,10,6,1,20,21.6496
0.05,10,6,1,30,21.64974
0.05,10,6,1,100,21.6496
0.05,10,6,5,5,22.056279999999997
0.05,10,6,5,10,21.63374
0.05,10,6,5,20,21.633860000000002
0.05,10,6,5,30,21.633860000000002
0.05,10,6,5,100,21.633860000000002
0.05,10,6,10,5,22.06608
0.05,10,6,10,10,21.6642
0.05,10,6,10,20,21.6642
0.05,10,6,10,30,21.6642
0.05,10,6,10,100,21.6642
0.05,10,6,20,5,22.080000000000002
0.05,10,6,20,10,21.844699999999996
0.05,10,6,20,20,21.844699999999996
0.05,10,6,20,30,21.844699999999996
0.05,10,6,20,100,21.844699999999996
0.05,10,10,1,5,22.0547
0.05,10,10,1,10,21.64016
0.05,10,10,1,20,21.639400000000002
0.05,10,10,1,30,21.639400000000002
0.05,10,10,1,100,21.639400000000002
0.05,10,10,5,5,22.056279999999997
0.05,10,10,5,10,21.63374
0.05,10,10,5,20,21.633860000000002
0.05,10,10,5,30,21.633860000000002
0.05,10,10,5,100,21.633860000000002
0.05,10,10,10,5,22.06608
0.05,10,10,10,10,21.6642
0.05,10,10,10,20,21.6642
0.05,10,10,10,30,21.6642
0.05,10,10,10,100,21.6642
0.05,10,10,20,5,22.080000000000002
0.05,10,10,20,10,21.844699999999996
0.05,10,10,20,20,21.844699999999996
0.05,10,10,20,30,21.844699999999996
0.05,10,10,20,100,21.844699999999996
0.05,10,20,1,5,22.056900000000002
0.05,10,20,1,10,21.630460000000003
0.05,10,20,1,20,21.630460000000003
0.05,10,20,1,30,21.630460000000003
0.05,10,20,1,100,21.630460000000003
0.05,10,20,5,5,22.058280000000003
0.05,10,20,5,10,21.63426
0.05,10,20,5,20,21.63426
0.05,10,20,5,30,21.63426
0.05,10,20,5,100,21.63426
0.05,10,20,10,5,22.06608
0.05,10,20,10,10,21.6642
0.05,10,20,10,20,21.6642
0.05,10,20,10,30,21.6642
0.05,10,20,10,100,21.6642
0.05,10,20,20,5,22.080000000000002
0.05,10,20,20,10,21.844699999999996
0.05,10,20,20,20,21.844699999999996
0.05,10,20,20,30,21.844699999999996
0.05,10,20,20,100,21.844699999999996
0.05,10,40,1,5,22.077360000000002
0.05,10,40,1,10,21.835479999999997
0.05,10,40,1,20,21.835479999999997
0.05,10,40,1,30,21.835479999999997
0.05,10,40,1,100,21.835479999999997
0.05,10,40,5,5,22.077360000000002
0.05,10,40,5,10,21.835479999999997
0.05,10,40,5,20,21.835479999999997
0.05,10,40,5,30,21.835479999999997
0.05,10,40,5,100,21.835479999999997
0.05,10,40,10,5,22.079880000000003
0.05,10,40,10,10,21.838019999999997
0.05,10,40,10,20,21.838019999999997
0.05,10,40,10,30,21.838019999999997
0.05,10,40,10,100,21.838019999999997
0.05,10,40,20,5,22.080000000000002
0.05,10,40,20,10,21.844699999999996
0.05,10,40,20,20,21.844699999999996
0.05,10,40,20,30,21.844699999999996
0.05,10,40,20,100,21.844699999999996
0.05,30,2,1,5,9.22646
0.05,30,2,1,10,8.59018
0.05,30,2,1,20,8.662379999999999
0.05,30,2,1,30,8.66376
0.05,30,2,1,100,8.66132
0.05,30,2,5,5,9.227540000000001
0.05,30,2,5,10,8.32954
0.05,30,2,5,20,8.330639999999999
0.05,30,2,5,30,8.330639999999999
0.05,30,2,5,100,8.330639999999999
0.05,30,2,10,5,9.25644
0.05,30,2,10,10,8.37088
0.05,30,2,10,20,8.37088
0.05,30,2,10,30,8.37088
0.05,30,2,10,100,8.37088
0.05,30,2,20,5,9.251120000000002
0.05,30,2,20,10,8.66506
0.05,30,2,20,20,8.66506
0.05,30,2,20,30,8.66506
0.05,30,2,20,100,8.66506
0.05,30,6,1,5,9.224140000000002
0.05,30,6,1,10,8.42644
0.05,30,6,1,20,8.43064
0.05,30,6,1,30,8.43046
0.05,30,6,1,100,8.43036
0.05,30,6,5,5,9.227540000000001
0.05,30,6,5,10,8.32954
0.05,30,6,5,20,8.330639999999999
0.05,30,6,5,30,8.330639999999999
0.05,30,6,5,100,8.330639999999999
0.05,30,6,10,5,9.25644
0.05,30,6,10,10,8.37088
0.05,30,6,10,20,8.37088
0.05,30,6,10,30,8.37088
0.05,30,6,10,100,8.37088
0.05,30,6,20,5,9.251120000000002
0.05,30,6,20,10,8.66506
0.05,30,6,20,20,8.66506
0.05,30,6,20,30,8.66506
0.05,30,6,20,100,8.66506
0.05,30,10,1,5,9.22448
0.05,30,10,1,10,8.3751
0.05,30,10,1,20,8.37634
0.05,30,10,1,30,8.37634
0.05,30,10,1,100,8.37634
0.05,30,10,5,5,9.227540000000001
0.05,30,10,5,10,8.32954
0.05,30,10,5,20,8.330639999999999
0.05,30,10,5,30,8.330639999999999
0.05,30,10,5,100,8.330639999999999
0.05,30,10,10,5,9.25644
0.05,30,10,10,10,8.37088
0.05,30,10,10,20,8.37088
0.05,30,10,10,30,8.37088
0.05,30,10,10,100,8.37088
0.05,30,10,20,5,9.251120000000002
0.05,30,10,20,10,8.66506
0.05,30,10,20,20,8.66506
0.05,30,10,20,30,8.66506
0.05,30,10,20,100,8.66506
0.05,30,20,1,5,9.2302
0.05,30,20,1,10,8.33226
0.05,30,20,1,20,8.33226
0.05,30,20,1,30,8.33226
0.05,30,20,1,100,8.33226
0.05,30,20,5,5,9.23162
0.05,30,20,5,10,8.33374
0.05,30,20,5,20,8.33374
0.05,30,20,5,30,8.33374
0.05,30,20,5,100,8.33374
0.05,30,20,10,5,9.25644
0.05,30,20,10,10,8.37088
0.05,30,20,10,20,8.37088
0.05,30,20,10,30,8.37088
0.05,30,20,10,100,8.37088
0.05,30,20,20,5,9.251120000000002
0.05,30,20,20,10,8.66506
0.05,30,20,20,20,8.66506
0.05,30,20,20,30,8.66506
0.05,30,20,20,100,8.66506
0.05,30,40,1,5,9.232479999999999
0.05,30,40,1,10,8.62536
0.05,30,40,1,20,8.62536
0.05,30,40,1,30,8.62536
0.05,30,40,1,100,8.62536
0.05,30,40,5,5,9.232479999999999
0.05,30,40,5,10,8.62274
0.05,30,40,5,20,8.62274
0.05,30,40,5,30,8.62274
0.05,30,40,5,100,8.62274
0.05,30,40,10,5,9.23704
0.05,30,40,10,10,8.62776
0.05,30,40,10,20,8.62776
0.05,30,40,10,30,8.62776
0.05,30,40,10,100,8.62776
0.05,30,40,20,5,9.251120000000002
0.05,30,40,20,10,8.66506
0.05,30,40,20,20,8.66506
0.05,30,40,20,30,8.66506
0.05,30,40,20,100,8.66506
0.05,50,2,1,5,4.401200000000001
0.05,50,2,1,10,4.32222
0.05,50,2,1,20,4.446339999999999
0.05,50,2,1,30,4.446
0.05,50,2,1,100,4.44578
0.05,50,2,5,5,4.40352
0.05,50,2,5,10,3.9040999999999997
0.05,50,2,5,20,3.90768
0.05,50,2,5,30,3.90768
0.05,50,2,5,100,3.90768
0.05,50,2,10,5,4.42562
0.05,50,2,10,10,3.8807400000000003
0.05,50,2,10,20,3.8807400000000003
0.05,50,2,10,30,3.8807400000000003
0.05,50,2,10,100,3.8807400000000003
0.05,50,2,20,5,4.583740000000001
0.05,50,2,20,10,4.18902
0.05,50,2,20,20,4.18902
0.05,50,2,20,30,4.18902
0.05,50,2,20,100,4.18902
0.05,50,6,1,5,4.3991
0.05,50,6,1,10,4.10672
0.05,50,6,1,20,4.12762
0.05,50,6,1,30,4.12762
0.05,50,6,1,100,4.12762
0.05,50,6,5,5,4.40352
0.05,50,6,5,10,3.9040999999999997
0.05,50,6,5,20,3.90768
0.05,50,6,5,30,3.90768
0.05,50,6,5,100,3.90768
0.05,50,6,10,5,4.42562
0.05,50,6,10,10,3.8807400000000003
0.05,50,6,10,20,3.8807400000000003
0.05,50,6,10,30,3.8807400000000003
0.05,50,6,10,100,3.8807400000000003
0.05,50,6,20,5,4.583740000000001
0.05,50,6,20,10,4.18902
0.05,50,6,20,20,4.18902
0.05,50,6,20,30,4.18902
0.05,50,6,20,100,4.18902
0.05,50,10,1,5,4.39956
0.05,50,10,1,10,3.96862
0.05,50,10,1,20,3.9689800000000006
0.05,50,10,1,30,3.9689800000000006
0.05,50,10,1,100,3.9689800000000006
0.05,50,10,5,5,4.40352
0.05,50,10,5,10,3.9040999999999997
0.05,50,10,5,20,3.90768
0.05,50,10,5,30,3.90768
0.05,50,10,5,100,3.90768
0.05,50,10,10,5,4.42562
0.05,50,10,10,10,3.8807400000000003
0.05,50,10,10,20,3.8807400000000003
0.05,50,10,10,30,3.8807400000000003
0.05,50,10,10,100,3.8807400000000003
0.05,50,10,20,5,4.583740000000001
0.05,50,10,20,10,4.18902
0.05,50,10,20,20,4.18902
0.05,50,10,20,30,4.18902
0.05,50,10,20,100,4.18902
0.05,50,20,1,5,4.40846
0.05,50,20,1,10,3.87506
0.05,50,20,1,20,3.87506
0.05,50,20,1,30,3.87506
0.05,50,20,1,100,3.87506
0.05,50,20,5,5,4.40612
0.05,50,20,5,10,3.8709800000000003
0.05,50,20,5,20,3.8709800000000003
0.05,50,20,5,30,3.8709800000000003
0.05,50,20,5,100,3.8709800000000003
0.05,50,20,10,5,4.42562
0.05,50,20,10,10,3.8807400000000003
0.05,50,20,10,20,3.8807400000000003
0.05,50,20,10,30,3.8807400000000003
0.05,50,20,10,100,3.8807400000000003
0.05,50,20,20,5,4.583740000000001
0.05,50,20,20,10,4.18902
0.05,50,20,20,20,4.18902
0.05,50,20,20,30,4.18902
0.05,50,20,20,100,4.18902
0.05,50,40,1,5,4.510800000000001
0.05,50,40,1,10,4.10142
0.05,50,40,1,20,4.10142
0.05,50,40,1,30,4.10142
0.05,50,40,1,100,4.10142
0.05,50,40,5,5,4.510800000000001
0.05,50,40,5,10,4.09798
0.05,50,40,5,20,4.09798
0.05,50,40,5,30,4.09798
0.05,50,40,5,100,4.09798
0.05,50,40,10,5,4.51962
0.05,50,40,10,10,4.09654
0.05,50,40,10,20,4.09654
0.05,50,40,10,30,4.09654
0.05,50,40,10,100,4.09654
0.05,50,40,20,5,4.583740000000001
0.05,50,40,20,10,4.18902
0.05,50,40,20,20,4.18902
0.05,50,40,20,30,4.18902
0.05,50,40,20,100,4.18902
0.05,100,2,1,5,2.4221399999999997
0.05,100,2,1,10,3.0330199999999996
0.05,100,2,1,20,3.12518
0.05,100,2,1,30,3.1246
0.05,100,2,1,100,3.12524
0.05,100,2,5,5,2.41258
0.05,100,2,5,10,2.4797200000000004
0.05,100,2,5,20,2.4808
0.05,100,2,5,30,2.4808
0.05,100,2,5,100,2.4808
0.05,100,2,10,5,2.42908
0.05,100,2,10,10,2.3037199999999998
0.05,100,2,10,20,2.3039199999999997
0.05,100,2,10,30,2.3039199999999997
0.05,100,2,10,100,2.3039199999999997
0.05,100,2,20,5,2.6094600000000003
0.05,100,2,20,10,2.4561800000000003
0.05,100,2,20,20,2.4561800000000003
0.05,100,2,20,30,2.4561800000000003
0.05,100,2,20,100,2.4561800000000003
0.05,100,6,1,5,2.4198200000000005
0.05,100,6,1,10,2.8276
0.05,100,6,1,20,2.8644399999999997
0.05,100,6,1,30,2.8644
0.05,100,6,1,100,2.8644000000000003
0.05,100,6,5,5,2.41258
0.05,100,6,5,10,2.4797200000000004
0.05,100,6,5,20,2.4808
0.05,100,6,5,30,2.4808
0.05,100,6,5,100,2.4808
0.05,100,6,10,5,2.42908
0.05,100,6,10,10,2.3037199999999998
0.05,100,6,10,20,2.3039199999999997
0.05,100,6,10,30,2.3039199999999997
0.05,100,6,10,100,2.3039199999999997
0.05,100,6,20,5,2.6094600000000003
0.05,100,6,20,10,2.4561800000000003
0.05,100,6,20,20,2.4561800000000003
0.05,100,6,20,30,2.4561800000000003
0.05,100,6,20,100,2.4561800000000003
0.05,100,10,1,5,2.42166
0.05,100,10,1,10,2.60186
0.05,100,10,1,20,2.60468
0.05,100,10,1,30,2.60468
0.05,100,10,1,100,2.60468
0.05,100,10,5,5,2.41258
0.05,100,10,5,10,2.4797200000000004
0.05,100,10,5,20,2.4808
0.05,100,10,5,30,2.4808
0.05,100,10,5,100,2.4808
0.05,100,10,10,5,2.42908
0.05,100,10,10,10,2.3037199999999998
0.05,100,10,10,20,2.3039199999999997
0.05,100,10,10,30,2.3039199999999997
0.05,100,10,10,100,2.3039199999999997
0.05,100,10,20,5,2.6094600000000003
0.05,100,10,20,10,2.4561800000000003
0.05,100,10,20,20,2.4561800000000003
0.05,100,10,20,30,2.4561800000000003
0.05,100,10,20,100,2.4561800000000003
0.05,100,20,1,5,2.4249400000000003
0.05,100,20,1,10,2.3754999999999997
0.05,100,20,1,20,2.37618
0.05,100,20,1,30,2.37618
0.05,100,20,1,100,2.37618
0.05,100,20,5,5,2.42176
0.05,100,20,5,10,2.36408
0.05,100,20,5,20,2.36238
0.05,100,20,5,30,2.36238
0.05,100,20,5,100,2.36238
0.05,100,20,10,5,2.42908
0.05,100,20,10,10,2.3037199999999998
0.05,100,20,10,20,2.3039199999999997
0.05,100,20,10,30,2.3039199999999997
0.05,100,20,10,100,2.3039199999999997
0.05,100,20,20,5,2.6094600000000003
0.05,100,20,20,10,2.4561800000000003
0.05,100,20,20,20,2.4561800000000003
0.05,100,20,20,30,2.4561800000000003
0.05,100,20,20,100,2.4561800000000003
0.05,100,40,1,5,2.51042
0.05,100,40,1,10,2.3639199999999994
0.05,100,40,1,20,2.3639199999999994
0.05,100,40,1,30,2.3639199999999994
0.05,100,40,1,100,2.3639199999999994
0.05,100,40,5,5,2.51042
0.05,100,40,5,10,2.3626599999999995
0.05,100,40,5,20,2.3626599999999995
0.05,100,40,5,30,2.3626599999999995
0.05,100,40,5,100,2.3626599999999995
0.05,100,40,10,5,2.5078000000000005
0.05,100,40,10,10,2.3653
0.05,100,40,10,20,2.3653
0.05,100,40,10,30,2.3653
0.05,100,40,10,100,2.3653
0.05,100,40,20,5,2.6094600000000003
0.05,100,40,20,10,2.4561800000000003
0.05,100,40,20,20,2.4561800000000003
0.05,100,40,20,30,2.4561800000000003
0.05,100,40,20,100,2.4561800000000003
0.05,200,2,1,5,2.4044000000000003
0.05,200,2,1,10,3.0930000000000004
0.05,200,2,1,20,3.12
0.05,200,2,1,30,3.1195999999999997
0.05,200,2,1,100,3.11874
0.05,200,2,5,5,2.39478
0.05,200,2,5,10,2.67298
0.05,200,2,5,20,2.67992
0.05,200,2,5,30,2.67992
0.05,200,2,5,100,2.67992
0.05,200,2,10,5,2.38896
0.05,200,2,10,10,2.41248
0.05,200,2,10,20,2.4152600000000004
0.05,200,2,10,30,2.4152600000000004
0.05,200,2,10,100,2.4152600000000004
0.05,200,2,20,5,2.4474399999999994
0.05,200,2,20,10,2.39868
0.05,200,2,20,20,2.3987600000000002
0.05,200,2,20,30,2.3987600000000002
0.05,200,2,20,100,2.3987600000000002
0.05,200,6,1,5,2.40634
0.05,200,6,1,10,3.0152
0.05,200,6,1,20,3.0247
0.05,200,6,1,30,3.0244999999999997
0.05,200,6,1,100,3.0248
0.05,200,6,5,5,2.39478
0.05,200,6,5,10,2.67298
0.05,200,6,5,20,2.67992
0.05,200,6,5,30,2.67992
0.05,200,6,5,100,2.67992
0.05,200,6,10,5,2.38896
0.05,200,6,10,10,2.41248
0.05,200,6,10,20,2.4152600000000004
0.05,200,6,10,30,2.4152600000000004
0.05,200,6,10,100,2.4152600000000004
0.05,200,6,20,5,2.4474399999999994
0.05,200,6,20,10,2.39868
0.05,200,6,20,20,2.3987600000000002
0.05,200,6,20,30,2.3987600000000002
0.05,200,6,20,100,2.3987600000000002
0.05,200,10,1,5,2.4137399999999998
0.05,200,10,1,10,2.8233000000000006
0.05,200,10,1,20,2.80272
0.05,200,10,1,30,2.80272
0.05,200,10,1,100,2.80272
0.05,200,10,5,5,2.39478
0.05,200,10,5,10,2.67298
0.05,200,10,5,20,2.67992
0.05,200,10,5,30,2.67992
0.05,200,10,5,100,2.67992
0.05,200,10,10,5,2.38896
0.05,200,10,10,10,2.41248
0.05,200,10,10,20,2.4152600000000004
0.05,200,10,10,30,2.4152600000000004
0.05,200,10,10,100,2.4152600000000004
0.05,200,10,20,5,2.4474399999999994
0.05,200,10,20,10,2.39868
0.05,200,10,20,20,2.3987600000000002
0.05,200,10,20,30,2.3987600000000002
0.05,200,10,20,100,2.3987600000000002
0.05,200,20,1,5,2.3920800000000004
0.05,200,20,1,10,2.53356
0.05,200,20,1,20,2.52824
0.05,200,20,1,30,2.52824
0.05,200,20,1,100,2.52824
0.05,200,20,5,5,2.40774
0.05,200,20,5,10,2.5015199999999997
0.05,200,20,5,20,2.50936
0.05,200,20,5,30,2.50936
0.05,200,20,5,100,2.50936
0.05,200,20,10,5,2.38896
0.05,200,20,10,10,2.41248
0.05,200,20,10,20,2.4152600000000004
0.05,200,20,10,30,2.4152600000000004
0.05,200,20,10,100,2.4152600000000004
0.05,200,20,20,5,2.4474399999999994
0.05,200,20,20,10,2.39868
0.05,200,20,20,20,2.3987600000000002
0.05,200,20,20,30,2.3987600000000002
0.05,200,20,20,100,2.3987600000000002
0.05,200,40,1,5,2.4458200000000003
0.05,200,40,1,10,2.3742400000000004
0.05,200,40,1,20,2.37452
0.05,200,40,1,30,2.37452
0.05,200,40,1,100,2.37452
0.05,200,40,5,5,2.4458200000000003
0.05,200,40,5,10,2.375
0.05,200,40,5,20,2.3749200000000004
0.05,200,40,5,30,2.3749200000000004
0.05,200,40,5,100,2.3749200000000004
0.05,200,40,10,5,2.44114
0.05,200,40,10,10,2.36614
0.05,200,40,10,20,2.36162
0.05,200,40,10,30,2.36162
0.05,200,40,10,100,2.36162
0.05,200,40,20,5,2.4474399999999994
0.05,200,40,20,10,2.39868
0.05,200,40,20,20,2.3987600000000002
0.05,200,40,20,30,2.3987600000000002
0.05,200,40,20,100,2.3987600000000002
0.05,350,2,1,5,2.5029999999999997
0.05,350,2,1,10,3.1014399999999998
0.05,350,2,1,20,3.11856
0.05,350,2,1,30,3.1197800000000004
0.05,350,2,1,100,3.11924
0.05,350,2,5,5,2.47426
0.05,350,2,5,10,2.9104799999999997
0.05,350,2,5,20,2.9172800000000003
0.05,350,2,5,30,2.9172800000000003
0.05,350,2,5,100,2.9172800000000003
0.05,350,2,10,5,2.43812
0.05,350,2,10,10,2.5806599999999995
0.05,350,2,10,20,2.5784
0.05,350,2,10,30,2.5784
0.05,350,2,10,100,2.5784
0.05,350,2,20,5,2.4043
0.05,350,2,20,10,2.41744
0.05,350,2,20,20,2.4213999999999998
0.05,350,2,20,30,2.4213999999999998
0.05,350,2,20,100,2.4213999999999998
0.05,350,6,1,5,2.497
0.05,350,6,1,10,3.1463799999999997
0.05,350,6,1,20,3.13034
0.05,350,6,1,30,3.1302399999999997
0.05,350,6,1,100,3.13004
0.05,350,6,5,5,2.47426
0.05,350,6,5,10,2.9104799999999997
0.05,350,6,5,20,2.9172800000000003
0.05,350,6,5,30,2.9172800000000003
0.05,350,6,5,100,2.9172800000000003
0.05,350,6,10,5,2.43812
0.05,350,6,10,10,2.5806599999999995
0.05,350,6,10,20,2.5784
0.05,350,6,10,30,2.5784
0.05,350,6,10,100,2.5784
0.05,350,6,20,5,2.4043
0.05,350,6,20,10,2.41744
0.05,350,6,20,20,2.4213999999999998
0.05,350,6,20,30,2.4213999999999998
0.05,350,6,20,100,2.4213999999999998
0.05,350,10,1,5,2.5105200000000005
0.05,350,10,1,10,3.06686
0.05,350,10,1,20,3.04444
0.05,350,10,1,30,3.04444
0.05,350,10,1,100,3.04444
0.05,350,10,5,5,2.47426
0.05,350,10,5,10,2.9104799999999997
0.05,350,10,5,20,2.9172800000000003
0.05,350,10,5,30,2.9172800000000003
0.05,350,10,5,100,2.9172800000000003
0.05,350,10,10,5,2.43812
0.05,350,10,10,10,2.5806599999999995
0.05,350,10,10,20,2.5784
0.05,350,10,10,30,2.5784
0.05,350,10,10,100,2.5784
0.05,350,10,20,5,2.4043
0.05,350,10,20,10,2.41744
0.05,350,10,20,20,2.4213999999999998
0.05,350,10,20,30,2.4213999999999998
0.05,350,10,20,100,2.4213999999999998
0.05,350,20,1,5,2.44834
0.05,350,20,1,10,2.71432
0.05,350,20,1,20,2.71924
0.05,350,20,1,30,2.71924
0.05,350,20,1,100,2.71924
0.05,350,20,5,5,2.4555999999999996
0.05,350,20,5,10,2.70094
0.05,350,20,5,20,2.6976
0.05,350,20,5,30,2.6976
0.05,350,20,5,100,2.6976
0.05,350,20,10,5,2.43812
0.05,350,20,10,10,2.5806599999999995
0.05,350,20,10,20,2.5784
0.05,350,20,10,30,2.5784
0.05,350,20,10,100,2.5784
0.05,350,20,20,5,2.4043
0.05,350,20,20,10,2.41744
0.05,350,20,20,20,2.4213999999999998
0.05,350,20,20,30,2.4213999999999998
0.05,350,20,20,100,2.4213999999999998
0.05,350,40,1,5,2.43656
0.05,350,40,1,10,2.489
0.05,350,40,1,20,2.4873600000000002
0.05,350,40,1,30,2.4873600000000002
0.05,350,40,1,100,2.4873600000000002
0.05,350,40,5,5,2.43822
0.05,350,40,5,10,2.4882
0.05,350,40,5,20,2.4904400000000004
0.05,350,40,5,30,2.4904400000000004
0.05,350,40,5,100,2.4904400000000004
0.05,350,40,10,5,2.4259
0.05,350,40,10,10,2.4684600000000003
0.05,350,40,10,20,2.47042
0.05,350,40,10,30,2.47042
0.05,350,40,10,100,2.47042
0.05,350,40,20,5,2.4043
0.05,350,40,20,10,2.41744
0.05,350,40,20,20,2.4213999999999998
0.05,350,40,20,30,2.4213999999999998
0.05,350,40,20,100,2.4213999999999998
0.05,500,2,1,5,2.59074
0.05,500,2,1,10,3.10222
0.05,500,2,1,20,3.11866
0.05,500,2,1,30,3.12042
0.05,500,2,1,100,3.12122
0.05,500,2,5,5,2.5518
0.05,500,2,5,10,3.08554
0.05,500,2,5,20,3.08452
0.05,500,2,5,30,3.08452
0.05,500,2,5,100,3.08452
0.05,500,2,10,5,2.5040400000000003
0.05,500,2,10,10,2.70308
0.05,500,2,10,20,2.70244
0.05,500,2,10,30,2.70244
0.05,500,2,10,100,2.70244
0.05,500,2,20,5,2.42062
0.05,500,2,20,10,2.4674199999999997
0.05,500,2,20,20,2.47288
0.05,500,2,20,30,2.47288
0.05,500,2,20,100,2.47288
0.05,500,6,1,5,2.5948199999999995
0.05,500,6,1,10,3.20584
0.05,500,6,1,20,3.17486
0.05,500,6,1,30,3.1750599999999998
0.05,500,6,1,100,3.17506
0.05,500,6,5,5,2.5518
0.05,500,6,5,10,3.08554
0.05,500,6,5,20,3.08452
0.05,500,6,5,30,3.08452
0.05,500,6,5,100,3.08452
0.05,500,6,10,5,2.5040400000000003
0.05,500,6,10,10,2.70308
0.05,500,6,10,20,2.70244
0.05,500,6,10,30,2.70244
0.05,500,6,10,100,2.70244
0.05,500,6,20,5,2.42062
0.05,500,6,20,10,2.4674199999999997
0.05,500,6,20,20,2.47288
0.05,500,6,20,30,2.47288
0.05,500,6,20,100,2.47288
0.05,500,10,1,5,2.5886799999999996
0.05,500,10,1,10,3.2335000000000003
0.05,500,10,1,20,3.2180999999999997
0.05,500,10,1,30,3.2180999999999997
0.05,500,10,1,100,3.2180999999999997
0.05,500,10,5,5,2.5518
0.05,500,10,5,10,3.08554
0.05,500,10,5,20,3.08452
0.05,500,10,5,30,3.08452
0.05,500,10,5,100,3.08452
0.05,500,10,10,5,2.5040400000000003
0.05,500,10,10,10,2.70308
0.05,500,10,10,20,2.70244
0.05,500,10,10,30,2.70244
0.05,500,10,10,100,2.70244
0.05,500,10,20,5,2.42062
0.05,500,10,20,10,2.4674199999999997
0.05,500,10,20,20,2.47288
0.05,500,10,20,30,2.47288
0.05,500,10,20,100,2.47288
0.05,500,20,1,5,2.5235200000000004
0.05,500,20,1,10,2.86674
0.05,500,20,1,20,2.8706400000000003
0.05,500,20,1,30,2.8706400000000003
0.05,500,20,1,100,2.8706400000000003
0.05,500,20,5,5,2.52162
0.05,500,20,5,10,2.84152
0.05,500,20,5,20,2.8418799999999997
0.05,500,20,5,30,2.8418799999999997
0.05,500,20,5,100,2.8418799999999997
0.05,500,20,10,5,2.5040400000000003
0.05,500,20,10,10,2.70308
0.05,500,20,10,20,2.70244
0.05,500,20,10,30,2.70244
0.05,500,20,10,100,2.70244
0.05,500,20,20,5,2.42062
0.05,500,20,20,10,2.4674199999999997
0.05,500,20,20,20,2.47288
0.05,500,20,20,30,2.47288
0.05,500,20,20,100,2.47288
0.05,500,40,1,5,2.46834
0.05,500,40,1,10,2.56968
0.05,500,40,1,20,2.57026
0.05,500,40,1,30,2.57026
0.05,500,40,1,100,2.57026
0.05,500,40,5,5,2.4696799999999994
0.05,500,40,5,10,2.5778000000000003
0.05,500,40,5,20,2.5751200000000005
0.05,500,40,5,30,2.5751200000000005
0.05,500,40,5,100,2.5751200000000005
0.05,500,40,10,5,2.46396
0.05,500,40,10,10,2.5505000000000004
0.05,500,40,10,20,2.5504000000000002
0.05,500,40,10,30,2.5504000000000002
0.05,500,40,10,100,2.5504000000000002
0.05,500,40,20,5,2.42062
0.05,500,40,20,10,2.4674199999999997
0.05,500,40,20,20,2.47288
0.05,500,40,20,30,2.47288
0.05,500,40,20,100,2.47288
0.1,10,2,1,5,13.73778
0.1,10,2,1,10,13.091919999999998
0.1,10,2,1,20,13.125040000000002
0.1,10,2,1,30,13.12534
0.1,10,2,1,100,13.125459999999999
0.1,10,2,5,5,13.738999999999999
0.1,10,2,5,10,12.918119999999998
0.1,10,2,5,20,12.918600000000001
0.1,10,2,5,30,12.918600000000001
0.1,10,2,5,100,12.918600000000001
0.1,10,2,10,5,13.742679999999998
0.1,10,2,10,10,12.960159999999998
0.1,10,2,10,20,12.960159999999998
0.1,10,2,10,30,12.960159999999998
0.1,10,2,10,100,12.960159999999998
0.1,10,2,20,5,13.757579999999999
0.1,10,2,20,10,13.20942
0.1,10,2,20,20,13.20942
0.1,10,2,20,30,13.20942
0.1,10,2,20,100,13.20942
0.1,10,6,1,5,13.736160000000002
0.1,10,6,1,10,12.9727
0.1,10,6,1,20,12.96766
0.1,10,6,1,30,12.967500000000001
0.1,10,6,1,100,12.967459999999999
0.1,10,6,5,5,13.738999999999999
0.1,10,6,5,10,12.918119999999998
0.1,10,6,5,20,12.918600000000001
0.1,10,6,5,30,12.918600000000001
0.1,10,6,5,100,12.918600000000001
0.1,10,6,10,5,13.742679999999998
0.1,10,6,10,10,12.960159999999998
0.1,10,6,10,20,12.960159999999998
0.1,10,6,10,30,12.960159999999998
0.1,10,6,10,100,12.960159999999998
0.1,10,6,20,5,13.757579999999999
0.1,10,6,20,10,13.20942
0.1,10,6,20,20,13.20942
0.1,10,6,20,30,13.20942
0.1,10,6,20,100,13.20942
0.1,10,10,1,5,13.73658
0.1,10,10,1,10,12.935920000000001
0.1,10,10,1,20,12.9364
0.1,10,10,1,30,12.9364
0.1,10,10,1,100,12.9364
0.1,10,10,5,5,13.738999999999999
0.1,10,10,5,10,12.918119999999998
0.1,10,10,5,20,12.918600000000001
0.1,10,10,5,30,12.918600000000001
0.1,10,10,5,100,12.918600000000001
0.1,10,10,10,5,13.742679999999998
0.1,10,10,10,10,12.960159999999998
0.1,10,10,10,20,12.960159999999998
0.1,10,10,10,30,12.960159999999998
0.1,10,10,10,100,12.960159999999998
0.1,10,10,20,5,13.757579999999999
0.1,10,10,20,10,13.20942
0.1,10,10,20,20,13.20942
0.1,10,10,20,30,13.20942
0.1,10,10,20,100,13.20942
0.1,10,20,1,5,13.740680000000001
0.1,10,20,1,10,12.91062
0.1,10,20,1,20,12.91062
0.1,10,20,1,30,12.91062
0.1,10,20,1,100,12.91062
0.1,10,20,5,5,13.742159999999998
0.1,10,20,5,10,12.91592
0.1,10,20,5,20,12.91592
0.1,10,20,5,30,12.91592
0.1,10,20,5,100,12.91592
0.1,10,20,10,5,13.742679999999998
0.1,10,20,10,10,12.960159999999998
0.1,10,20,10,20,12.960159999999998
0.1,10,20,10,30,12.960159999999998
0.1,10,20,10,100,12.960159999999998
0.1,10,20,20,5,13.757579999999999
0.1,10,20,20,10,13.20942
0.1,10,20,20,20,13.20942
0.1,10,20,20,30,13.20942
0.1,10,20,20,100,13.20942
0.1,10,40,1,5,13.738620000000001
0.1,10,40,1,10,13.204159999999998
0.1,10,40,1,20,13.204159999999998
0.1,10,40,1,30,13.204159999999998
0.1,10,40,1,100,13.204159999999998
0.1,10,40,5,5,13.738620000000001
0.1,10,40,5,10,13.204159999999998
0.1,10,40,5,20,13.204159999999998
0.1,10,40,5,30,13.204159999999998
0.1,10,40,5,100,13.204159999999998
0.1,10,40,10,5,13.74228
0.1,10,40,10,10,13.207820000000002
0.1,10,40,10,20,13.207820000000002
0.1,10,40,10,30,13.207820000000002
0.1,10,40,10,100,13.207820000000002
0.1,10,40,20,5,13.757579999999999
0.1,10,40,20,10,13.20942
0.1,10,40,20,20,13.20942
0.1,10,40,20,30,13.20942
0.1,10,40,20,100,13.20942
0.1,30,2,1,5,3.28282
0.1,30,2,1,10,3.47592
0.1,30,2,1,20,3.60072
0.1,30,2,1,30,3.6009
0.1,30,2,1,100,3.6016199999999996
0.1,30,2,5,5,3.26584
0.1,30,2,5,10,2.9733
0.1,30,2,5,20,2.9741400000000002
0.1,30,2,5,30,2.9741400000000002
0.1,30,2,5,100,2.9741400000000002
0.1,30,2,10,5,3.285980000000001
0.1,30,2,10,10,2.89996
0.1,30,2,10,20,2.8999800000000002
0.1,30,2,10,30,2.8999800000000002
0.1,30,2,10,100,2.8999800000000002
0.1,30,2,20,5,3.4358199999999997
0.1,30,2,20,10,3.1727800000000004
0.1,30,2,20,20,3.1727800000000004
0.1,30,2,20,30,3.1727800000000004
0.1,30,2,20,100,3.1727800000000004
0.1,30,6,1,5,3.28084
0.1,30,6,1,10,3.2519599999999995
0.1,30,6,1,20,3.27302
0.1,30,6,1,30,3.27302
0.1,30,6,1,100,3.27302
0.1,30,6,5,5,3.26584
0.1,30,6,5,10,2.9733
0.1,30,6,5,20,2.9741400000000002
0.1,30,6,5,30,2.9741400000000002
0.1,30,6,5,100,2.9741400000000002
0.1,30,6,10,5,3.285980000000001
0.1,30,6,10,10,2.89996
0.1,30,6,10,20,2.8999800000000002
0.1,30,6,10,30,2.8999800000000002
0.1,30,6,10,100,2.8999800000000002
0.1,30,6,20,5,3.4358199999999997
0.1,30,6,20,10,3.1727800000000004
0.1,30,6,20,20,3.1727800000000004
0.1,30,6,20,30,3.1727800000000004
0.1,30,6,20,100,3.1727800000000004
0.1,30,10,1,5,3.28076
0.1,30,10,1,10,3.0558600000000005
0.1,30,10,1,20,3.05652
0.1,30,10,1,30,3.05652
0.1,30,10,1,100,3.05652
0.1,30,10,5,5,3.26584
0.1,30,10,5,10,2.9733
0.1,30,10,5,20,2.9741400000000002
0.1,30,10,5,30,2.9741400000000002
0.1,30,10,5,100,2.9741400000000002
0.1,30,10,10,5,3.285980000000001
0.1,30,10,10,10,2.89996
0.1,30,10,10,20,2.8999800000000002
0.1,30,10,10,30,2.8999800000000002
0.1,30,10,10,100,2.8999800000000002
0.1,30,10,20,5,3.4358199999999997
0.1,30,10,20,10,3.1727800000000004
0.1,30,10,20,20,3.1727800000000004
0.1,30,10,20,30,3.1727800000000004
0.1,30,10,20,100,3.1727800000000004
0.1,30,20,1,5,3.2660799999999997
0.1,30,20,1,10,2.9188400000000003
0.1,30,20,1,20,2.91858
0.1,30,20,1,30,2.91858
0.1,30,20,1,100,2.91858
0.1,30,20,5,5,3.26696
0.1,30,20,5,10,2.9121200000000003
0.1,30,20,5,20,2.91214
0.1,30,20,5,30,2.91214
0.1,30,20,5,100,2.91214
0.1,30,20,10,5,3.285980000000001
0.1,30,20,10,10,2.89996
0.1,30,20,10,20,2.8999800000000002
0.1,30,20,10,30,2.8999800000000002
0.1,30,20,10,100,2.8999800000000002
0.1,30,20,20,5,3.4358199999999997
0.1,30,20,20,10,3.1727800000000004
0.1,30,20,20,20,3.1727800000000004
0.1,30,20,20,30,3.1727800000000004
0.1,30,20,20,100,3.1727800000000004
0.1,30,40,1,5,3.3891000000000004
0.1,30,40,1,10,3.07468
0.1,30,40,1,20,3.07468
0.1,30,40,1,30,3.07468
0.1,30,40,1,100,3.07468
0.1,30,40,5,5,3.3891000000000004
0.1,30,40,5,10,3.0720199999999998
0.1,30,40,5,20,3.0720199999999998
0.1,30,40,5,30,3.0720199999999998
0.1,30,40,5,100,3.0720199999999998
0.1,30,40,10,5,3.3939
0.1,30,40,10,10,3.0831399999999998
0.1,30,40,10,20,3.0831399999999998
0.1,30,40,10,30,3.0831399999999998
0.1,30,40,10,100,3.0831399999999998
0.1,30,40,20,5,3.4358199999999997
0.1,30,40,20,10,3.1727800000000004
0.1,30,40,20,20,3.1727800000000004
0.1,30,40,20,30,3.1727800000000004
0.1,30,40,20,100,3.1727800000000004
0.1,50,2,1,5,2.41754
0.1,50,2,1,10,3.03082
0.1,50,2,1,20,3.12136
0.1,50,2,1,30,3.1231799999999996
0.1,50,2,1,100,3.1234399999999996
0.1,50,2,5,5,2.41096
0.1,50,2,5,10,2.4838999999999998
0.1,50,2,5,20,2.4752
0.1,50,2,5,30,2.4752
0.1,50,2,5,100,2.4752
0.1,50,2,10,5,2.42152
0.1,50,2,10,10,2.29964
0.1,50,2,10,20,2.30124
0.1,50,2,10,30,2.30124
0.1,50,2,10,100,2.30124
0.1,50,2,20,5,2.59878
0.1,50,2,20,10,2.4438400000000002
0.1,50,2,20,20,2.4438400000000002
0.1,50,2,20,30,2.4438400000000002
0.1,50,2,20,100,2.4438400000000002
0.1,50,6,1,5,2.41824
0.1,50,6,1,10,2.8291600000000003
0.1,50,6,1,20,2.86822
0.1,50,6,1,30,2.86822
0.1,50,6,1,100,2.8683
0.1,50,6,5,5,2.41096
0.1,50,6,5,10,2.4838999999999998
0.1,50,6,5,20,2.4752
0.1,50,6,5,30,2.4752
0.1,50,6,5,100,2.4752
0.1,50,6,10,5,2.42152
0.1,50,6,10,10,2.29964
0.1,50,6,10,20,2.30124
0.1,50,6,10,30,2.30124
0.1,50,6,10,100,2.30124
0.1,50,6,20,5,2.59878
0.1,50,6,20,10,2.4438400000000002
0.1,50,6,20,20,2.4438400000000002
0.1,50,6,20,30,2.4438400000000002
0.1,50,6,20,100,2.4438400000000002
0.1,50,10,1,5,2.4323
0.1,50,10,1,10,2.59238
0.1,50,10,1,20,2.60592
0.1,50,10,1,30,2.60592
0.1,50,10,1,100,2.60592
0.1,50,10,5,5,2.41096
0.1,50,10,5,10,2.4838999999999998
0.1,50,10,5,20,2.4752
0.1,50,10,5,30,2.4752
0.1,50,10,5,100,2.4752
0.1,50,10,10,5,2.42152
0.1,50,10,10,10,2.29964
0.1,50,10,10,20,2.30124
0.1,50,10,10,30,2.30124
0.1,50,10,10,100,2.30124
0.1,50,10,20,5,2.59878
0.1,50,10,20,10,2.4438400000000002
0.1,50,10,20,20,2.4438400000000002
0.1,50,10,20,30,2.4438400000000002
0.1,50,10,20,100,2.4438400000000002
0.1,50,20,1,5,2.42254
0.1,50,20,1,10,2.3912
0.1,50,20,1,20,2.3912800000000005
0.1,50,20,1,30,2.3912800000000005
0.1,50,20,1,100,2.3912800000000005
0.1,50,20,5,5,2.4172599999999997
0.1,50,20,5,10,2.3599799999999997
0.1,50,20,5,20,2.3591
0.1,50,20,5,30,2.3591
0.1,50,20,5,100,2.3591
0.1,50,20,10,5,2.42152
0.1,50,20,10,10,2.29964
0.1,50,20,10,20,2.30124
0.1,50,20,10,30,2.30124
0.1,50,20,10,100,2.30124
0.1,50,20,20,5,2.59878
0.1,50,20,20,10,2.4438400000000002
0.1,50,20,20,20,2.4438400000000002
0.1,50,20,20,30,2.4438400000000002
0.1,50,20,20,100,2.4438400000000002
0.1,50,40,1,5,2.4927200000000003
0.1,50,40,1,10,2.35116
0.1,50,40,1,20,2.35116
0.1,50,40,1,30,2.35116
0.1,50,40,1,100,2.35116
0.1,50,40,5,5,2.4927200000000003
0.1,50,40,5,10,2.35204
0.1,50,40,5,20,2.35204
0.1,50,40,5,30,2.35204
0.1,50,40,5,100,2.35204
0.1,50,40,10,5,2.4926
0.1,50,40,10,10,2.35128
0.1,50,40,10,20,2.35128
0.1,50,40,10,30,2.35128
0.1,50,40,10,100,2.35128
0.1,50,40,20,5,2.59878
0.1,50,40,20,10,2.4438400000000002
0.1,50,40,20,20,2.4438400000000002
0.1,50,40,20,30,2.4438400000000002
0.1,50,40,20,100,2.4438400000000002
0.1,100,2,1,5,2.40672
0.1,100,2,1,10,3.08224
0.1,100,2,1,20,3.1199
0.1,100,2,1,30,3.1182
0.1,100,2,1,100,3.1205999999999996
0.1,100,2,5,5,2.3997
0.1,100,2,5,10,2.6955800000000005
0.1,100,2,5,20,2.67284
0.1,100,2,5,30,2.67284
0.1,100,2,5,100,2.67284
0.1,100,2,10,5,2.40858
0.1,100,2,10,10,2.4291799999999997
0.1,100,2,10,20,2.42656
0.1,100,2,10,30,2.42656
0.1,100,2,10,100,2.42656
0.1,100,2,20,5,2.4574
0.1,100,2,20,10,2.3947200000000004
0.1,100,2,20,20,2.3974800000000003
0.1,100,2,20,30,2.3974800000000003
0.1,100,2,20,100,2.3974800000000003
0.1,100,6,1,5,2.42636
0.1,100,6,1,10,3.01398
0.1,100,6,1,20,3.02734
0.1,100,6,1,30,3.02734
0.1,100,6,1,100,3.0273200000000005
0.1,100,6,5,5,2.3997
0.1,100,6,5,10,2.6955800000000005
0.1,100,6,5,20,2.67284
0.1,100,6,5,30,2.67284
0.1,100,6,5,100,2.67284
0.1,100,6,10,5,2.40858
0.1,100,6,10,10,2.4291799999999997
0.1,100,6,10,20,2.42656
0.1,100,6,10,30,2.42656
0.1,100,6,10,100,2.42656
0.1,100,6,20,5,2.4574
0.1,100,6,20,10,2.3947200000000004
0.1,100,6,20,20,2.3974800000000003
0.1,100,6,20,30,2.3974800000000003
0.1,100,6,20,100,2.3974800000000003
0.1,100,10,1,5,2.41508
0.1,100,10,1,10,2.8100199999999997
0.1,100,10,1,20,2.8247799999999996
0.1,100,10,1,30,2.8247799999999996
0.1,100,10,1,100,2.8247799999999996
0.1,100,10,5,5,2.3997
0.1,100,10,5,10,2.6955800000000005
0.1,100,10,5,20,2.67284
0.1,100,10,5,30,2.67284
0.1,100,10,5,100,2.67284
0.1,100,10,10,5,2.40858
0.1,100,10,10,10,2.4291799999999997
0.1,100,10,10,20,2.42656
0.1,100,10,10,30,2.42656
0.1,100,10,10,100,2.42656
0.1,100,10,20,5,2.4574
0.1,100,10,20,10,2.3947200000000004
0.1,100,10,20,20,2.3974800000000003
0.1,100,10,20,30,2.3974800000000003
0.1,100,10,20,100,2.3974800000000003
0.1,100,20,1,5,2.4179399999999998
0.1,100,20,1,10,2.5344800000000003
0.1,100,20,1,20,2.5282400000000003
0.1,100,20,1,30,2.5282400000000003
0.1,100,20,1,100,2.5282400000000003
0.1,100,20,5,5,2.3987
0.1,100,20,5,10,2.51166
0.1,100,20,5,20,2.50946
0.1,100,20,5,30,2.50946
0.1,100,20,5,100,2.50946
0.1,100,20,10,5,2.40858
0.1,100,20,10,10,2.4291799999999997
0.1,100,20,10,20,2.42656
0.1,100,20,10,30,2.42656
0.1,100,20,10,100,2.42656
0.1,100,20,20,5,2.4574
0.1,100,20,20,10,2.3947200000000004
0.1,100,20,20,20,2.3974800000000003
0.1,100,20,20,30,2.3974800000000003
0.1,100,20,20,100,2.3974800000000003
0.1,100,40,1,5,2.42072
0.1,100,40,1,10,2.3766999999999996
0.1,100,40,1,20,2.3766999999999996
0.1,100,40,1,30,2.3766999999999996
0.1,100,40,1,100,2.3766999999999996
0.1,100,40,5,5,2.42072
0.1,100,40,5,10,2.3788600000000004
0.1,100,40,5,20,2.3788600000000004
0.1,100,40,5,30,2.3788600000000004
0.1,100,40,5,100,2.3788600000000004
0.1,100,40,10,5,2.4074799999999996
0.1,100,40,10,10,2.37374
0.1,100,40,10,20,2.3702199999999998
0.1,100,40,10,30,2.3702199999999998
0.1,100,40,10,100,2.3702199999999998
0.1,100,40,20,5,2.4574
0.1,100,40,20,10,2.3947200000000004
0.1,100,40,20,20,2.3974800000000003
0.1,100,40,20,30,2.3974800000000003
0.1,100,40,20,100,2.3974800000000003
0.1,200,2,1,5,2.5306800000000003
0.1,200,2,1,10,3.09116
0.1,200,2,1,20,3.11894
0.1,200,2,1,30,3.12062
0.1,200,2,1,100,3.12168
0.1,200,2,5,5,2.50326
0.1,200,2,5,10,2.9783800000000005
0.1,200,2,5,20,2.99084
0.1,200,2,5,30,2.99084
0.1,200,2,5,100,2.99084
0.1,200,2,10,5,2.4581
0.1,200,2,10,10,2.6435400000000002
0.1,200,2,10,20,2.63054
0.1,200,2,10,30,2.63054
0.1,200,2,10,100,2.63054
0.1,200,2,20,5,2.4130399999999996
0.1,200,2,20,10,2.43352
0.1,200,2,20,20,2.43532
0.1,200,2,20,30,2.43532
0.1,200,2,20,100,2.43532
0.1,200,6,1,5,2.5177799999999997
0.1,200,6,1,10,3.1695800000000003
0.1,200,6,1,20,3.15986
0.1,200,6,1,30,3.1601
0.1,200,6,1,100,3.15986
0.1,200,6,5,5,2.50326
0.1,200,6,5,10,2.9783800000000005
0.1,200,6,5,20,2.99084
0.1,200,6,5,30,2.99084
0.1,200,6,5,100,2.99084
0.1,200,6,10,5,2.4581
0.1,200,6,10,10,2.6435400000000002
0.1,200,6,10,20,2.63054
0.1,200,6,10,30,2.63054
0.1,200,6,10,100,2.63054
0.1,200,6,20,5,2.4130399999999996
0.1,200,6,20,10,2.43352
0.1,200,6,20,20,2.43532
0.1,200,6,20,30,2.43532
0.1,200,6,20,100,2.43532
0.1,200,10,1,5,2.5192399999999995
0.1,200,10,1,10,3.1162400000000003
0.1,200,10,1,20,3.1362
0.1,200,10,1,30,3.1362
0.1,200,10,1,100,3.1362
0.1,200,10,5,5,2.50326
0.1,200,10,5,10,2.9783800000000005
0.1,200,10,5,20,2.99084
0.1,200,10,5,30,2.99084
0.1,200,10,5,100,2.99084
0.1,200,10,10,5,2.4581
0.1,200,10,10,10,2.6435400000000002
0.1,200,10,10,20,2.63054
0.1,200,10,10,30,2.63054
0.1,200,10,10,100,2.63054
0.1,200,10,20,5,2.4130399999999996
0.1,200,10,20,10,2.43352
0.1,200,10,20,20,2.43532
0.1,200,10,20,30,2.43532
0.1,200,10,20,100,2.43532
0.1,200,20,1,5,2.5034
0.1,200,20,1,10,2.77714
0.1,200,20,1,20,2.78454
0.1,200,20,1,30,2.78454
0.1,200,20,1,100,2.78454
0.1,200,20,5,5,2.49862
0.1,200,20,5,10,2.7636000000000003
0.1,200,20,5,20,2.77022
0.1,200,20,5,30,2.77022
0.1,200,20,5,100,2.77022
0.1,200,20,10,5,2.4581
0.1,200,20,10,10,2.6435400000000002
0.1,200,20,10,20,2.63054
0.1,200,20,10,30,2.63054
0.1,200,20,10,100,2.63054
0.1,200,20,20,5,2.4130399999999996
0.1,200,20,20,10,2.43352
0.1,200,20,20,20,2.43532
0.1,200,20,20,30,2.43532
0.1,200,20,20,100,2.43532
0.1,200,40,1,5,2.45074
0.1,200,40,1,10,2.53024
0.1,200,40,1,20,2.52832
0.1,200,40,1,30,2.52832
0.1,200,40,1,100,2.52832
0.1,200,40,5,5,2.4505799999999995
0.1,200,40,5,10,2.5238199999999997
0.1,200,40,5,20,2.52406
0.1,200,40,5,30,2.52406
0.1,200,40,5,100,2.52406
0.1,200,40,10,5,2.4257400000000002
0.1,200,40,10,10,2.5070799999999998
0.1,200,40,10,20,2.50886
0.1,200,40,10,30,2.50886
0.1,200,40,10,100,2.50886
0.1,200,40,20,5,2.4130399999999996
0.1,200,40,20,10,2.43352
0.1,200,40,20,20,2.43532
0.1,200,40,20,30,2.43532
0.1,200,40,20,100,2.43532
0.1,350,2,1,5,2.7153799999999997
0.1,350,2,1,10,3.09298
0.1,350,2,1,20,3.11974
0.1,350,2,1,30,3.1205200000000004
0.1,350,2,1,100,3.1211200000000003
0.1,350,2,5,5,2.6452400000000003
0.1,350,2,5,10,3.25916
0.1,350,2,5,20,3.26104
0.1,350,2,5,30,3.26104
0.1,350,2,5,100,3.26104
0.1,350,2,10,5,2.57746
0.1,350,2,10,10,2.8661199999999996
0.1,350,2,10,20,2.8473599999999997
0.1,350,2,10,30,2.8473599999999997
0.1,350,2,10,100,2.8473599999999997
0.1,350,2,20,5,2.47046
0.1,350,2,20,10,2.53704
0.1,350,2,20,20,2.53686
0.1,350,2,20,30,2.53686
0.1,350,2,20,100,2.53686
0.1,350,6,1,5,2.71782
0.1,350,6,1,10,3.23718
0.1,350,6,1,20,3.20576
0.1,350,6,1,30,3.20576
0.1,350,6,1,100,3.2058
0.1,350,6,5,5,2.6452400000000003
0.1,350,6,5,10,3.25916
0.1,350,6,5,20,3.26104
0.1,350,6,5,30,3.26104
0.1,350,6,5,100,3.26104
0.1,350,6,10,5,2.57746
0.1,350,6,10,10,2.8661199999999996
0.1,350,6,10,20,2.8473599999999997
0.1,350,6,10,30,2.8473599999999997
0.1,350,6,10,100,2.8473599999999997
0.1,350,6,20,5,2.47046
0.1,350,6,20,10,2.53704
0.1,350,6,20,20,2.53686
0.1,350,6,20,30,2.53686
0.1,350,6,20,100,2.53686
0.1,350,10,1,5,2.69264
0.1,350,10,1,10,3.37648
0.1,350,10,1,20,3.3978200000000003
0.1,350,10,1,30,3.3979800000000004
0.1,350,10,1,100,3.3978200000000003
0.1,350,10,5,5,2.6452400000000003
0.1,350,10,5,10,3.25916
0.1,350,10,5,20,3.26104
0.1,350,10,5,30,3.26104
0.1,350,10,5,100,3.26104
0.1,350,10,10,5,2.57746
0.1,350,10,10,10,2.8661199999999996
0.1,350,10,10,20,2.8473599999999997
0.1,350,10,10,30,2.8473599999999997
0.1,350,10,10,100,2.8473599999999997
0.1,350,10,20,5,2.47046
0.1,350,10,20,10,2.53704
0.1,350,10,20,20,2.53686
0.1,350,10,20,30,2.53686
0.1,350,10,20,100,2.53686
0.1,350,20,1,5,2.6332999999999998
0.1,350,20,1,10,3.0509399999999998
0.1,350,20,1,20,3.0627000000000004
0.1,350,20,1,30,3.0627000000000004
0.1,350,20,1,100,3.0627000000000004
0.1,350,20,5,5,2.6334799999999996
0.1,350,20,5,10,3.00808
0.1,350,20,5,20,3.0249999999999995
0.1,350,20,5,30,3.0249999999999995
0.1,350,20,5,100,3.0249999999999995
0.1,350,20,10,5,2.57746
0.1,350,20,10,10,2.8661199999999996
0.1,350,20,10,20,2.8473599999999997
0.1,350,20,10,30,2.8473599999999997
0.1,350,20,10,100,2.8473599999999997
0.1,350,20,20,5,2.47046
0.1,350,20,20,10,2.53704
0.1,350,20,20,20,2.53686
0.1,350,20,20,30,2.53686
0.1,350,20,20,100,2.53686
0.1,350,40,1,5,2.528
0.1,350,40,1,10,2.6731000000000003
0.1,350,40,1,20,2.6733599999999997
0.1,350,40,1,30,2.6733599999999997
0.1,350,40,1,100,2.6733599999999997
0.1,350,40,5,5,2.52904
0.1,350,40,5,10,2.6733800000000003
0.1,350,40,5,20,2.6755199999999997
0.1,350,40,5,30,2.6755199999999997
0.1,350,40,5,100,2.6755199999999997
0.1,350,40,10,5,2.51012
0.1,350,40,10,10,2.65536
0.1,350,40,10,20,2.65654
0.1,350,40,10,30,2.65654
0.1,350,40,10,100,2.65654
0.1,350,40,20,5,2.47046
0.1,350,40,20,10,2.53704
0.1,350,40,20,20,2.53686
0.1,350,40,20,30,2.53686
0.1,350,40,20,100,2.53686
0.1,500,2,1,5,2.86978
0.1,500,2,1,10,3.09152
0.1,500,2,1,20,3.11922
0.1,500,2,1,30,3.11952
0.1,500,2,1,100,3.1182799999999995
0.1,500,2,5,5,2.7811399999999997
0.1,500,2,5,10,3.43184
0.1,500,2,5,20,3.43966
0.1,500,2,5,30,3.43966
0.1,500,2,5,100,3.43966
0.1,500,2,10,5,2.67022
0.1,500,2,10,10,3.03466
0.1,500,2,10,20,3.01304
0.1,500,2,10,30,3.01304
0.1,500,2,10,100,3.01304
0.1,500,2,20,5,2.53262
0.1,500,2,20,10,2.6327399999999996
0.1,500,2,20,20,2.63238
0.1,500,2,20,30,2.63238
0.1,500,2,20,100,2.63238
0.1,500,6,1,5,2.87126
0.1,500,6,1,10,3.2562200000000003
0.1,500,6,1,20,3.2153199999999997
0.1,500,6,1,30,3.21522
0.1,500,6,1,100,3.21516
0.1,500,6,5,5,2.7811399999999997
0.1,500,6,5,10,3.43184
0.1,500,6,5,20,3.43966
0.1,500,6,5,30,3.43966
0.1,500,6,5,100,3.43966
0.1,500,6,10,5,2.67022
0.1,500,6,10,10,3.03466
0.1,500,6,10,20,3.01304
0.1,500,6,10,30,3.01304
0.1,500,6,10,100,3.01304
0.1,500,6,20,5,2.53262
0.1,500,6,20,10,2.6327399999999996
0.1,500,6,20,20,2.63238
0.1,500,6,20,30,2.63238
0.1,500,6,20,100,2.63238
0.1,500,10,1,5,2.8331000000000004
0.1,500,10,1,10,3.5044000000000004
0.1,500,10,1,20,3.52646
0.1,500,10,1,30,3.52644
0.1,500,10,1,100,3.52644
0.1,500,10,5,5,2.7811399999999997
0.1,500,10,5,10,3.43184
0.1,500,10,5,20,3.43966
0.1,500,10,5,30,3.43966
0.1,500,10,5,100,3.43966
0.1,500,10,10,5,2.67022
0.1,500,10,10,10,3.03466
0.1,500,10,10,20,3.01304
0.1,500,10,10,30,3.01304
0.1,500,10,10,100,3.01304
0.1,500,10,20,5,2.53262
0.1,500,10,20,10,2.6327399999999996
0.1,500,10,20,20,2.63238
0.1,500,10,20,30,2.63238
0.1,500,10,20,100,2.63238
0.1,500,20,1,5,2.755
0.1,500,20,1,10,3.2526599999999997
0.1,500,20,1,20,3.2519600000000004
0.1,500,20,1,30,3.2519600000000004
0.1,500,20,1,100,3.2519600000000004
0.1,500,20,5,5,2.74966
0.1,500,20,5,10,3.1939400000000004
0.1,500,20,5,20,3.2127799999999995
0.1,500,20,5,30,3.2127799999999995
0.1,500,20,5,100,3.2127799999999995
0.1,500,20,10,5,2.67022
0.1,500,20,10,10,3.03466
0.1,500,20,10,20,3.01304
0.1,500,20,10,30,3.01304
0.1,500,20,10,100,3.01304
0.1,500,20,20,5,2.53262
0.1,500,20,20,10,2.6327399999999996
0.1,500,20,20,20,2.63238
0.1,500,20,20,30,2.63238
0.1,500,20,20,100,2.63238
0.1,500,40,1,5,2.607
0.1,500,40,1,10,2.78626
0.1,500,40,1,20,2.7781000000000002
0.1,500,40,1,30,2.7781000000000002
0.1,500,40,1,100,2.7781000000000002
0.1,500,40,5,5,2.61492
0.1,500,40,5,10,2.7918399999999997
0.1,500,40,5,20,2.7862999999999998
0.1,500,40,5,30,2.7862999999999998
0.1,500,40,5,100,2.7862999999999998
0.1,500,40,10,5,2.57574
0.1,500,40,10,10,2.77646
0.1,500,40,10,20,2.77736
0.1,500,40,10,30,2.77736
0.1,500,40,10,100,2.77736
0.1,500,40,20,5,2.53262
0.1,500,40,20,10,2.6327399999999996
0.1,500,40,20,20,2.63238
0.1,500,40,20,30,2.63238
0.1,500,40,20,100,2.63238
